<?xml version="1.0" encoding="UTF-8" standalone="no"?><model><assignment language="ConDec" name="new model"><activitydefinitions><activity id="1" name="Anforderungen identifizieren und abgrenzen"><authorization/><datamodel/></activity><activity id="2" name="Use-Case-Szenarien detaillieren"><authorization/><datamodel/></activity><activity id="3" name="Systemweite Anforderungen detaillieren"><authorization/><datamodel/></activity><activity id="4" name="Testfaelle erstellen"><authorization/><datamodel/></activity></activitydefinitions><constraintdefinitions><constraint id="1" mandatory="true"><condition/><name>succession</name><template><description>response and precedence:
1. After every &lt;b&gt;Anforderungen identifizieren und abgrenzen&lt;/b&gt; there has to be at least one &lt;b&gt;Use-Case-Szenarien detaillieren&lt;/b&gt;.
and
2. &lt;b&gt;Use-Case-Szenarien detaillieren&lt;/b&gt; has to be preceded by &lt;b&gt;Anforderungen identifizieren und abgrenzen&lt;/b&gt;. &lt;b&gt;Use-Case-Szenarien detaillieren&lt;/b&gt; can happen only after &lt;b&gt;Anforderungen identifizieren und abgrenzen&lt;/b&gt; had happened.</description><display>succession</display><name>succession</name><text>( []( ( "A" -&gt; &lt;&gt;( "B" ) ) ) /\  ( !( (( "B.started" \/ "B.completed") \/ "B.cancelled" ) ) W "A" )   )</text><parameters><parameter branchable="true" id="1" name="A"><graphical><style number="1"/><begin fill="true" style="5"/><middle fill="false" style="0"/><end fill="false" style="0"/></graphical></parameter><parameter branchable="true" id="2" name="B"><graphical><style number="1"/><begin fill="true" style="10"/><middle fill="false" style="0"/><end fill="false" style="0"/></graphical></parameter></parameters><statemessages><message state="VIOLATED">&lt;html&gt;VIOLATED undefined&lt;/html&gt;</message><message state="VIOLATED_TEMPORARY">&lt;html&gt;VIOLATED_TEMPORARY undefined&lt;/html&gt;</message><message state="SATISFIED">&lt;html&gt;SATISFIED undefined&lt;/html&gt;</message></statemessages></template><constraintparameters><parameter templateparameter="1"><branches><branch name="Anforderungen identifizieren und abgrenzen"/></branches></parameter><parameter templateparameter="2"><branches><branch name="Use-Case-Szenarien detaillieren"/></branches></parameter></constraintparameters></constraint><constraint id="2" mandatory="true"><condition/><name>succession</name><template><description>response and precedence:
1. After every &lt;b&gt;Use-Case-Szenarien detaillieren&lt;/b&gt; there has to be at least one &lt;b&gt;Systemweite Anforderungen detaillieren&lt;/b&gt;.
and
2. &lt;b&gt;Systemweite Anforderungen detaillieren&lt;/b&gt; has to be preceded by &lt;b&gt;Use-Case-Szenarien detaillieren&lt;/b&gt;. &lt;b&gt;Systemweite Anforderungen detaillieren&lt;/b&gt; can happen only after &lt;b&gt;Use-Case-Szenarien detaillieren&lt;/b&gt; had happened.</description><display>succession</display><name>succession</name><text>( []( ( "A" -&gt; &lt;&gt;( "B" ) ) ) /\  ( !( (( "B.started" \/ "B.completed") \/ "B.cancelled" ) ) W "A" )   )</text><parameters><parameter branchable="true" id="1" name="A"><graphical><style number="1"/><begin fill="true" style="5"/><middle fill="false" style="0"/><end fill="false" style="0"/></graphical></parameter><parameter branchable="true" id="2" name="B"><graphical><style number="1"/><begin fill="true" style="10"/><middle fill="false" style="0"/><end fill="false" style="0"/></graphical></parameter></parameters><statemessages><message state="VIOLATED">&lt;html&gt;VIOLATED undefined&lt;/html&gt;</message><message state="VIOLATED_TEMPORARY">&lt;html&gt;VIOLATED_TEMPORARY undefined&lt;/html&gt;</message><message state="SATISFIED">&lt;html&gt;SATISFIED undefined&lt;/html&gt;</message></statemessages></template><constraintparameters><parameter templateparameter="1"><branches><branch name="Use-Case-Szenarien detaillieren"/></branches></parameter><parameter templateparameter="2"><branches><branch name="Systemweite Anforderungen detaillieren"/></branches></parameter></constraintparameters></constraint><constraint id="3" mandatory="true"><condition/><name>succession</name><template><description>response and precedence:
1. After every &lt;b&gt;Systemweite Anforderungen detaillieren&lt;/b&gt; there has to be at least one &lt;b&gt;Testfaelle erstellen&lt;/b&gt;.
and
2. &lt;b&gt;Testfaelle erstellen&lt;/b&gt; has to be preceded by &lt;b&gt;Systemweite Anforderungen detaillieren&lt;/b&gt;. &lt;b&gt;Testfaelle erstellen&lt;/b&gt; can happen only after &lt;b&gt;Systemweite Anforderungen detaillieren&lt;/b&gt; had happened.</description><display>succession</display><name>succession</name><text>( []( ( "A" -&gt; &lt;&gt;( "B" ) ) ) /\  ( !( (( "B.started" \/ "B.completed") \/ "B.cancelled" ) ) W "A" )   )</text><parameters><parameter branchable="true" id="1" name="A"><graphical><style number="1"/><begin fill="true" style="5"/><middle fill="false" style="0"/><end fill="false" style="0"/></graphical></parameter><parameter branchable="true" id="2" name="B"><graphical><style number="1"/><begin fill="true" style="10"/><middle fill="false" style="0"/><end fill="false" style="0"/></graphical></parameter></parameters><statemessages><message state="VIOLATED">&lt;html&gt;VIOLATED undefined&lt;/html&gt;</message><message state="VIOLATED_TEMPORARY">&lt;html&gt;VIOLATED_TEMPORARY undefined&lt;/html&gt;</message><message state="SATISFIED">&lt;html&gt;SATISFIED undefined&lt;/html&gt;</message></statemessages></template><constraintparameters><parameter templateparameter="1"><branches><branch name="Systemweite Anforderungen detaillieren"/></branches></parameter><parameter templateparameter="2"><branches><branch name="Testfaelle erstellen"/></branches></parameter></constraintparameters></constraint><constraint id="4" mandatory="true"><condition/><name>exactly1</name><template><description>A has to happen exactly once.</description><display>1</display><name>exactly1</name><text>(  &lt;&gt; ("A") /\ ! ( &lt;&gt; ( ( "A" /\ X(&lt;&gt;("A")) ) ) ) )</text><parameters><parameter branchable="false" id="1" name="A"><graphical><style number="1"/><begin fill="false" style="0"/><middle fill="false" style="0"/><end fill="false" style="0"/></graphical></parameter></parameters><statemessages><message state="VIOLATED">VIOLATED undefined</message><message state="VIOLATED_TEMPORARY">VIOLATED_TEMPORARY undefined</message><message state="SATISFIED">SATISFIED undefined</message></statemessages></template><constraintparameters><parameter templateparameter="1"><branches><branch name="Anforderungen identifizieren und abgrenzen"/></branches></parameter></constraintparameters></constraint><constraint id="5" mandatory="true"><condition/><name>exactly1</name><template><description>A has to happen exactly once.</description><display>1</display><name>exactly1</name><text>(  &lt;&gt; ("A") /\ ! ( &lt;&gt; ( ( "A" /\ X(&lt;&gt;("A")) ) ) ) )</text><parameters><parameter branchable="false" id="1" name="A"><graphical><style number="1"/><begin fill="false" style="0"/><middle fill="false" style="0"/><end fill="false" style="0"/></graphical></parameter></parameters><statemessages><message state="VIOLATED">VIOLATED undefined</message><message state="VIOLATED_TEMPORARY">VIOLATED_TEMPORARY undefined</message><message state="SATISFIED">SATISFIED undefined</message></statemessages></template><constraintparameters><parameter templateparameter="1"><branches><branch name="Use-Case-Szenarien detaillieren"/></branches></parameter></constraintparameters></constraint><constraint id="7" mandatory="true"><condition/><name>exactly1</name><template><description>A has to happen exactly once.</description><display>1</display><name>exactly1</name><text>(  &lt;&gt; ("A") /\ ! ( &lt;&gt; ( ( "A" /\ X(&lt;&gt;("A")) ) ) ) )</text><parameters><parameter branchable="false" id="1" name="A"><graphical><style number="1"/><begin fill="false" style="0"/><middle fill="false" style="0"/><end fill="false" style="0"/></graphical></parameter></parameters><statemessages><message state="VIOLATED">VIOLATED undefined</message><message state="VIOLATED_TEMPORARY">VIOLATED_TEMPORARY undefined</message><message state="SATISFIED">SATISFIED undefined</message></statemessages></template><constraintparameters><parameter templateparameter="1"><branches><branch name="Testfaelle erstellen"/></branches></parameter></constraintparameters></constraint><constraint id="8" mandatory="true"><condition/><name>exactly1</name><template><description>A has to happen exactly once.</description><display>1</display><name>exactly1</name><text>(  &lt;&gt; ("A") /\ ! ( &lt;&gt; ( ( "A" /\ X(&lt;&gt;("A")) ) ) ) )</text><parameters><parameter branchable="false" id="1" name="A"><graphical><style number="1"/><begin fill="false" style="0"/><middle fill="false" style="0"/><end fill="false" style="0"/></graphical></parameter></parameters><statemessages><message state="VIOLATED">VIOLATED undefined</message><message state="VIOLATED_TEMPORARY">VIOLATED_TEMPORARY undefined</message><message state="SATISFIED">SATISFIED undefined</message></statemessages></template><constraintparameters><parameter templateparameter="1"><branches><branch name="Systemweite Anforderungen detaillieren"/></branches></parameter></constraintparameters></constraint></constraintdefinitions><data/><team/><graphical><activities><cell height="50.0" id="1" width="308.0" x="55.0" y="99.0"/><cell height="51.0" id="2" width="308.0" x="539.0" y="105.0"/><cell height="49.0" id="3" width="308.0" x="540.0" y="264.0"/><cell height="48.0" id="4" width="308.0" x="53.0" y="260.0"/></activities><constraints><cell height="1.0" id="1" width="1.0" x="375.0" y="129.0"/><cell height="1.0" id="2" width="1.0" x="692.0" y="249.0"/><cell height="1.0" id="3" width="1.0" x="533.0" y="282.0"/></constraints></graphical></assignment></model>