<?xml version="1.0" encoding="UTF-8" standalone="no"?><model><assignment language="ConDec" name="new model"><activitydefinitions><activity id="1" name="Projektfortschrittsentscheidung herbeifuehren"><authorization/><datamodel/></activity><activity id="2" name="Projekthandbuch erstellen"><authorization/><datamodel/></activity><activity id="3" name="QS-Handbuch erstellen"><authorization/><datamodel/></activity><activity id="4" name="Projektmanagement-Infrastruktur einrichten und pflegen"><authorization/><datamodel/></activity><activity id="5" name="Schaetzung durchfuehren"><authorization/><datamodel/></activity><activity id="6" name="Risiken managen"><authorization/><datamodel/></activity><activity id="7" name="Projekt planen"><authorization/><datamodel/></activity><activity id="8" name="Arbeitsauftrag vergeben"><authorization/><datamodel/></activity><activity id="9" name="Kaufmaennische Projektkalkulation durchfuehren"><authorization/><datamodel/></activity></activitydefinitions><constraintdefinitions><constraint id="1" mandatory="true"><condition/><name>succession</name><template><description>response and precedence:
1. After every &lt;b&gt;Projektfortschrittsentscheidung herbeifuehren&lt;/b&gt; there has to be at least one &lt;b&gt;Projekthandbuch erstellen&lt;/b&gt;.
and
2. &lt;b&gt;Projekthandbuch erstellen&lt;/b&gt; has to be preceded by &lt;b&gt;Projektfortschrittsentscheidung herbeifuehren&lt;/b&gt;. &lt;b&gt;Projekthandbuch erstellen&lt;/b&gt; can happen only after &lt;b&gt;Projektfortschrittsentscheidung herbeifuehren&lt;/b&gt; had happened.</description><display>succession</display><name>succession</name><text>( []( ( "A" -&gt; &lt;&gt;( "B" ) ) ) /\  ( !( (( "B.started" \/ "B.completed") \/ "B.cancelled" ) ) W "A" )   )</text><parameters><parameter branchable="true" id="1" name="A"><graphical><style number="1"/><begin fill="true" style="5"/><middle fill="false" style="0"/><end fill="false" style="0"/></graphical></parameter><parameter branchable="true" id="2" name="B"><graphical><style number="1"/><begin fill="true" style="10"/><middle fill="false" style="0"/><end fill="false" style="0"/></graphical></parameter></parameters><statemessages><message state="VIOLATED">&lt;html&gt;VIOLATED undefined&lt;/html&gt;</message><message state="VIOLATED_TEMPORARY">&lt;html&gt;VIOLATED_TEMPORARY undefined&lt;/html&gt;</message><message state="SATISFIED">&lt;html&gt;SATISFIED undefined&lt;/html&gt;</message></statemessages></template><constraintparameters><parameter templateparameter="1"><branches><branch name="Projektfortschrittsentscheidung herbeifuehren"/></branches></parameter><parameter templateparameter="2"><branches><branch name="Projekthandbuch erstellen"/></branches></parameter></constraintparameters></constraint><constraint id="2" mandatory="true"><condition/><name>succession</name><template><description>response and precedence:
1. After every &lt;b&gt;Projekthandbuch erstellen&lt;/b&gt; there has to be at least one &lt;b&gt;QS-Handbuch erstellen&lt;/b&gt;.
and
2. &lt;b&gt;QS-Handbuch erstellen&lt;/b&gt; has to be preceded by &lt;b&gt;Projekthandbuch erstellen&lt;/b&gt;. &lt;b&gt;QS-Handbuch erstellen&lt;/b&gt; can happen only after &lt;b&gt;Projekthandbuch erstellen&lt;/b&gt; had happened.</description><display>succession</display><name>succession</name><text>( []( ( "A" -&gt; &lt;&gt;( "B" ) ) ) /\  ( !( (( "B.started" \/ "B.completed") \/ "B.cancelled" ) ) W "A" )   )</text><parameters><parameter branchable="true" id="1" name="A"><graphical><style number="1"/><begin fill="true" style="5"/><middle fill="false" style="0"/><end fill="false" style="0"/></graphical></parameter><parameter branchable="true" id="2" name="B"><graphical><style number="1"/><begin fill="true" style="10"/><middle fill="false" style="0"/><end fill="false" style="0"/></graphical></parameter></parameters><statemessages><message state="VIOLATED">&lt;html&gt;VIOLATED undefined&lt;/html&gt;</message><message state="VIOLATED_TEMPORARY">&lt;html&gt;VIOLATED_TEMPORARY undefined&lt;/html&gt;</message><message state="SATISFIED">&lt;html&gt;SATISFIED undefined&lt;/html&gt;</message></statemessages></template><constraintparameters><parameter templateparameter="1"><branches><branch name="Projekthandbuch erstellen"/></branches></parameter><parameter templateparameter="2"><branches><branch name="QS-Handbuch erstellen"/></branches></parameter></constraintparameters></constraint><constraint id="3" mandatory="true"><condition/><name>succession</name><template><description>response and precedence:
1. After every &lt;b&gt;QS-Handbuch erstellen&lt;/b&gt; there has to be at least one &lt;b&gt;Projektmanagement-Infrastruktur einrichten und pflegen&lt;/b&gt;.
and
2. &lt;b&gt;Projektmanagement-Infrastruktur einrichten und pflegen&lt;/b&gt; has to be preceded by &lt;b&gt;QS-Handbuch erstellen&lt;/b&gt;. &lt;b&gt;Projektmanagement-Infrastruktur einrichten und pflegen&lt;/b&gt; can happen only after &lt;b&gt;QS-Handbuch erstellen&lt;/b&gt; had happened.</description><display>succession</display><name>succession</name><text>( []( ( "A" -&gt; &lt;&gt;( "B" ) ) ) /\  ( !( (( "B.started" \/ "B.completed") \/ "B.cancelled" ) ) W "A" )   )</text><parameters><parameter branchable="true" id="1" name="A"><graphical><style number="1"/><begin fill="true" style="5"/><middle fill="false" style="0"/><end fill="false" style="0"/></graphical></parameter><parameter branchable="true" id="2" name="B"><graphical><style number="1"/><begin fill="true" style="10"/><middle fill="false" style="0"/><end fill="false" style="0"/></graphical></parameter></parameters><statemessages><message state="VIOLATED">&lt;html&gt;VIOLATED undefined&lt;/html&gt;</message><message state="VIOLATED_TEMPORARY">&lt;html&gt;VIOLATED_TEMPORARY undefined&lt;/html&gt;</message><message state="SATISFIED">&lt;html&gt;SATISFIED undefined&lt;/html&gt;</message></statemessages></template><constraintparameters><parameter templateparameter="1"><branches><branch name="QS-Handbuch erstellen"/></branches></parameter><parameter templateparameter="2"><branches><branch name="Projektmanagement-Infrastruktur einrichten und pflegen"/></branches></parameter></constraintparameters></constraint><constraint id="4" mandatory="true"><condition/><name>succession</name><template><description>response and precedence:
1. After every &lt;b&gt;Projektmanagement-Infrastruktur einrichten und pflegen&lt;/b&gt; there has to be at least one &lt;b&gt;Schaetzung durchfuehren&lt;/b&gt;.
and
2. &lt;b&gt;Schaetzung durchfuehren&lt;/b&gt; has to be preceded by &lt;b&gt;Projektmanagement-Infrastruktur einrichten und pflegen&lt;/b&gt;. &lt;b&gt;Schaetzung durchfuehren&lt;/b&gt; can happen only after &lt;b&gt;Projektmanagement-Infrastruktur einrichten und pflegen&lt;/b&gt; had happened.</description><display>succession</display><name>succession</name><text>( []( ( "A" -&gt; &lt;&gt;( "B" ) ) ) /\  ( !( (( "B.started" \/ "B.completed") \/ "B.cancelled" ) ) W "A" )   )</text><parameters><parameter branchable="true" id="1" name="A"><graphical><style number="1"/><begin fill="true" style="5"/><middle fill="false" style="0"/><end fill="false" style="0"/></graphical></parameter><parameter branchable="true" id="2" name="B"><graphical><style number="1"/><begin fill="true" style="10"/><middle fill="false" style="0"/><end fill="false" style="0"/></graphical></parameter></parameters><statemessages><message state="VIOLATED">&lt;html&gt;VIOLATED undefined&lt;/html&gt;</message><message state="VIOLATED_TEMPORARY">&lt;html&gt;VIOLATED_TEMPORARY undefined&lt;/html&gt;</message><message state="SATISFIED">&lt;html&gt;SATISFIED undefined&lt;/html&gt;</message></statemessages></template><constraintparameters><parameter templateparameter="1"><branches><branch name="Projektmanagement-Infrastruktur einrichten und pflegen"/></branches></parameter><parameter templateparameter="2"><branches><branch name="Schaetzung durchfuehren"/></branches></parameter></constraintparameters></constraint><constraint id="5" mandatory="true"><condition/><name>succession</name><template><description>response and precedence:
1. After every &lt;b&gt;Schaetzung durchfuehren&lt;/b&gt; there has to be at least one &lt;b&gt;Risiken managen&lt;/b&gt;.
and
2. &lt;b&gt;Risiken managen&lt;/b&gt; has to be preceded by &lt;b&gt;Schaetzung durchfuehren&lt;/b&gt;. &lt;b&gt;Risiken managen&lt;/b&gt; can happen only after &lt;b&gt;Schaetzung durchfuehren&lt;/b&gt; had happened.</description><display>succession</display><name>succession</name><text>( []( ( "A" -&gt; &lt;&gt;( "B" ) ) ) /\  ( !( (( "B.started" \/ "B.completed") \/ "B.cancelled" ) ) W "A" )   )</text><parameters><parameter branchable="true" id="1" name="A"><graphical><style number="1"/><begin fill="true" style="5"/><middle fill="false" style="0"/><end fill="false" style="0"/></graphical></parameter><parameter branchable="true" id="2" name="B"><graphical><style number="1"/><begin fill="true" style="10"/><middle fill="false" style="0"/><end fill="false" style="0"/></graphical></parameter></parameters><statemessages><message state="VIOLATED">&lt;html&gt;VIOLATED undefined&lt;/html&gt;</message><message state="VIOLATED_TEMPORARY">&lt;html&gt;VIOLATED_TEMPORARY undefined&lt;/html&gt;</message><message state="SATISFIED">&lt;html&gt;SATISFIED undefined&lt;/html&gt;</message></statemessages></template><constraintparameters><parameter templateparameter="1"><branches><branch name="Schaetzung durchfuehren"/></branches></parameter><parameter templateparameter="2"><branches><branch name="Risiken managen"/></branches></parameter></constraintparameters></constraint><constraint id="6" mandatory="true"><condition/><name>succession</name><template><description>response and precedence:
1. After every &lt;b&gt;Risiken managen&lt;/b&gt; there has to be at least one &lt;b&gt;Projekt planen&lt;/b&gt;.
and
2. &lt;b&gt;Projekt planen&lt;/b&gt; has to be preceded by &lt;b&gt;Risiken managen&lt;/b&gt;. &lt;b&gt;Projekt planen&lt;/b&gt; can happen only after &lt;b&gt;Risiken managen&lt;/b&gt; had happened.</description><display>succession</display><name>succession</name><text>( []( ( "A" -&gt; &lt;&gt;( "B" ) ) ) /\  ( !( (( "B.started" \/ "B.completed") \/ "B.cancelled" ) ) W "A" )   )</text><parameters><parameter branchable="true" id="1" name="A"><graphical><style number="1"/><begin fill="true" style="5"/><middle fill="false" style="0"/><end fill="false" style="0"/></graphical></parameter><parameter branchable="true" id="2" name="B"><graphical><style number="1"/><begin fill="true" style="10"/><middle fill="false" style="0"/><end fill="false" style="0"/></graphical></parameter></parameters><statemessages><message state="VIOLATED">&lt;html&gt;VIOLATED undefined&lt;/html&gt;</message><message state="VIOLATED_TEMPORARY">&lt;html&gt;VIOLATED_TEMPORARY undefined&lt;/html&gt;</message><message state="SATISFIED">&lt;html&gt;SATISFIED undefined&lt;/html&gt;</message></statemessages></template><constraintparameters><parameter templateparameter="1"><branches><branch name="Risiken managen"/></branches></parameter><parameter templateparameter="2"><branches><branch name="Projekt planen"/></branches></parameter></constraintparameters></constraint><constraint id="7" mandatory="true"><condition/><name>succession</name><template><description>response and precedence:
1. After every &lt;b&gt;Projekt planen&lt;/b&gt; there has to be at least one &lt;b&gt;Arbeitsauftrag vergeben&lt;/b&gt;.
and
2. &lt;b&gt;Arbeitsauftrag vergeben&lt;/b&gt; has to be preceded by &lt;b&gt;Projekt planen&lt;/b&gt;. &lt;b&gt;Arbeitsauftrag vergeben&lt;/b&gt; can happen only after &lt;b&gt;Projekt planen&lt;/b&gt; had happened.</description><display>succession</display><name>succession</name><text>( []( ( "A" -&gt; &lt;&gt;( "B" ) ) ) /\  ( !( (( "B.started" \/ "B.completed") \/ "B.cancelled" ) ) W "A" )   )</text><parameters><parameter branchable="true" id="1" name="A"><graphical><style number="1"/><begin fill="true" style="5"/><middle fill="false" style="0"/><end fill="false" style="0"/></graphical></parameter><parameter branchable="true" id="2" name="B"><graphical><style number="1"/><begin fill="true" style="10"/><middle fill="false" style="0"/><end fill="false" style="0"/></graphical></parameter></parameters><statemessages><message state="VIOLATED">&lt;html&gt;VIOLATED undefined&lt;/html&gt;</message><message state="VIOLATED_TEMPORARY">&lt;html&gt;VIOLATED_TEMPORARY undefined&lt;/html&gt;</message><message state="SATISFIED">&lt;html&gt;SATISFIED undefined&lt;/html&gt;</message></statemessages></template><constraintparameters><parameter templateparameter="1"><branches><branch name="Projekt planen"/></branches></parameter><parameter templateparameter="2"><branches><branch name="Arbeitsauftrag vergeben"/></branches></parameter></constraintparameters></constraint><constraint id="8" mandatory="true"><condition/><name>succession</name><template><description>response and precedence:
1. After every &lt;b&gt;Arbeitsauftrag vergeben&lt;/b&gt; there has to be at least one &lt;b&gt;Kaufmaennische Projektkalkulation durchfuehren&lt;/b&gt;.
and
2. &lt;b&gt;Kaufmaennische Projektkalkulation durchfuehren&lt;/b&gt; has to be preceded by &lt;b&gt;Arbeitsauftrag vergeben&lt;/b&gt;. &lt;b&gt;Kaufmaennische Projektkalkulation durchfuehren&lt;/b&gt; can happen only after &lt;b&gt;Arbeitsauftrag vergeben&lt;/b&gt; had happened.</description><display>succession</display><name>succession</name><text>( []( ( "A" -&gt; &lt;&gt;( "B" ) ) ) /\  ( !( (( "B.started" \/ "B.completed") \/ "B.cancelled" ) ) W "A" )   )</text><parameters><parameter branchable="true" id="1" name="A"><graphical><style number="1"/><begin fill="true" style="5"/><middle fill="false" style="0"/><end fill="false" style="0"/></graphical></parameter><parameter branchable="true" id="2" name="B"><graphical><style number="1"/><begin fill="true" style="10"/><middle fill="false" style="0"/><end fill="false" style="0"/></graphical></parameter></parameters><statemessages><message state="VIOLATED">&lt;html&gt;VIOLATED undefined&lt;/html&gt;</message><message state="VIOLATED_TEMPORARY">&lt;html&gt;VIOLATED_TEMPORARY undefined&lt;/html&gt;</message><message state="SATISFIED">&lt;html&gt;SATISFIED undefined&lt;/html&gt;</message></statemessages></template><constraintparameters><parameter templateparameter="1"><branches><branch name="Arbeitsauftrag vergeben"/></branches></parameter><parameter templateparameter="2"><branches><branch name="Kaufmaennische Projektkalkulation durchfuehren"/></branches></parameter></constraintparameters></constraint><constraint id="9" mandatory="true"><condition/><name>exactly1</name><template><description>A has to happen exactly once.</description><display>1</display><name>exactly1</name><text>(  &lt;&gt; ("A") /\ ! ( &lt;&gt; ( ( "A" /\ X(&lt;&gt;("A")) ) ) ) )</text><parameters><parameter branchable="false" id="1" name="A"><graphical><style number="1"/><begin fill="false" style="0"/><middle fill="false" style="0"/><end fill="false" style="0"/></graphical></parameter></parameters><statemessages><message state="VIOLATED">VIOLATED undefined</message><message state="VIOLATED_TEMPORARY">VIOLATED_TEMPORARY undefined</message><message state="SATISFIED">SATISFIED undefined</message></statemessages></template><constraintparameters><parameter templateparameter="1"><branches><branch name="Projektfortschrittsentscheidung herbeifuehren"/></branches></parameter></constraintparameters></constraint><constraint id="10" mandatory="true"><condition/><name>init</name><template><description>Each instance has to start with execution of &lt;b&gt;Projektfortschrittsentscheidung herbeifuehren&lt;/b&gt;.</description><display>init</display><name>init</name><text>( ( "A.started" \/ "A.cancelled" ) W  "A" )</text><parameters><parameter branchable="false" id="1" name="A"><graphical><style number="1"/><begin fill="false" style="0"/><middle fill="false" style="0"/><end fill="false" style="0"/></graphical></parameter></parameters><statemessages><message state="VIOLATED">&lt;html&gt;This constraint is violated because the first executed task 
in this instance was not "A".  &lt;/html&gt;</message><message state="VIOLATED_TEMPORARY">&lt;html&gt;This should never happen!&lt;/html&gt;</message><message state="SATISFIED">&lt;html&gt;This constraint is satisfied because either:
&lt;ul&gt;
&lt;li&gt;none of the tasks in this instance were executed yet, or&lt;/li&gt;
&lt;li&gt;the first executed task is &amp;quot;A&amp;quot;.&lt;/li&gt;
&lt;/ul&gt;&lt;/html&gt;</message></statemessages></template><constraintparameters><parameter templateparameter="1"><branches><branch name="Projektfortschrittsentscheidung herbeifuehren"/></branches></parameter></constraintparameters></constraint><constraint id="11" mandatory="true"><condition/><name>exactly1</name><template><description>A has to happen exactly once.</description><display>1</display><name>exactly1</name><text>(  &lt;&gt; ("A") /\ ! ( &lt;&gt; ( ( "A" /\ X(&lt;&gt;("A")) ) ) ) )</text><parameters><parameter branchable="false" id="1" name="A"><graphical><style number="1"/><begin fill="false" style="0"/><middle fill="false" style="0"/><end fill="false" style="0"/></graphical></parameter></parameters><statemessages><message state="VIOLATED">VIOLATED undefined</message><message state="VIOLATED_TEMPORARY">VIOLATED_TEMPORARY undefined</message><message state="SATISFIED">SATISFIED undefined</message></statemessages></template><constraintparameters><parameter templateparameter="1"><branches><branch name="Projekthandbuch erstellen"/></branches></parameter></constraintparameters></constraint><constraint id="13" mandatory="true"><condition/><name>exactly1</name><template><description>A has to happen exactly once.</description><display>1</display><name>exactly1</name><text>(  &lt;&gt; ("A") /\ ! ( &lt;&gt; ( ( "A" /\ X(&lt;&gt;("A")) ) ) ) )</text><parameters><parameter branchable="false" id="1" name="A"><graphical><style number="1"/><begin fill="false" style="0"/><middle fill="false" style="0"/><end fill="false" style="0"/></graphical></parameter></parameters><statemessages><message state="VIOLATED">VIOLATED undefined</message><message state="VIOLATED_TEMPORARY">VIOLATED_TEMPORARY undefined</message><message state="SATISFIED">SATISFIED undefined</message></statemessages></template><constraintparameters><parameter templateparameter="1"><branches><branch name="Projektmanagement-Infrastruktur einrichten und pflegen"/></branches></parameter></constraintparameters></constraint><constraint id="16" mandatory="true"><condition/><name>exactly1</name><template><description>A has to happen exactly once.</description><display>1</display><name>exactly1</name><text>(  &lt;&gt; ("A") /\ ! ( &lt;&gt; ( ( "A" /\ X(&lt;&gt;("A")) ) ) ) )</text><parameters><parameter branchable="false" id="1" name="A"><graphical><style number="1"/><begin fill="false" style="0"/><middle fill="false" style="0"/><end fill="false" style="0"/></graphical></parameter></parameters><statemessages><message state="VIOLATED">VIOLATED undefined</message><message state="VIOLATED_TEMPORARY">VIOLATED_TEMPORARY undefined</message><message state="SATISFIED">SATISFIED undefined</message></statemessages></template><constraintparameters><parameter templateparameter="1"><branches><branch name="Projekt planen"/></branches></parameter></constraintparameters></constraint><constraint id="17" mandatory="true"><condition/><name>exactly1</name><template><description>A has to happen exactly once.</description><display>1</display><name>exactly1</name><text>(  &lt;&gt; ("A") /\ ! ( &lt;&gt; ( ( "A" /\ X(&lt;&gt;("A")) ) ) ) )</text><parameters><parameter branchable="false" id="1" name="A"><graphical><style number="1"/><begin fill="false" style="0"/><middle fill="false" style="0"/><end fill="false" style="0"/></graphical></parameter></parameters><statemessages><message state="VIOLATED">VIOLATED undefined</message><message state="VIOLATED_TEMPORARY">VIOLATED_TEMPORARY undefined</message><message state="SATISFIED">SATISFIED undefined</message></statemessages></template><constraintparameters><parameter templateparameter="1"><branches><branch name="Risiken managen"/></branches></parameter></constraintparameters></constraint><constraint id="18" mandatory="true"><condition/><name>exactly1</name><template><description>A has to happen exactly once.</description><display>1</display><name>exactly1</name><text>(  &lt;&gt; ("A") /\ ! ( &lt;&gt; ( ( "A" /\ X(&lt;&gt;("A")) ) ) ) )</text><parameters><parameter branchable="false" id="1" name="A"><graphical><style number="1"/><begin fill="false" style="0"/><middle fill="false" style="0"/><end fill="false" style="0"/></graphical></parameter></parameters><statemessages><message state="VIOLATED">VIOLATED undefined</message><message state="VIOLATED_TEMPORARY">VIOLATED_TEMPORARY undefined</message><message state="SATISFIED">SATISFIED undefined</message></statemessages></template><constraintparameters><parameter templateparameter="1"><branches><branch name="QS-Handbuch erstellen"/></branches></parameter></constraintparameters></constraint><constraint id="19" mandatory="true"><condition/><name>exactly1</name><template><description>A has to happen exactly once.</description><display>1</display><name>exactly1</name><text>(  &lt;&gt; ("A") /\ ! ( &lt;&gt; ( ( "A" /\ X(&lt;&gt;("A")) ) ) ) )</text><parameters><parameter branchable="false" id="1" name="A"><graphical><style number="1"/><begin fill="false" style="0"/><middle fill="false" style="0"/><end fill="false" style="0"/></graphical></parameter></parameters><statemessages><message state="VIOLATED">VIOLATED undefined</message><message state="VIOLATED_TEMPORARY">VIOLATED_TEMPORARY undefined</message><message state="SATISFIED">SATISFIED undefined</message></statemessages></template><constraintparameters><parameter templateparameter="1"><branches><branch name="Schaetzung durchfuehren"/></branches></parameter></constraintparameters></constraint><constraint id="20" mandatory="true"><condition/><name>exactly1</name><template><description>A has to happen exactly once.</description><display>1</display><name>exactly1</name><text>(  &lt;&gt; ("A") /\ ! ( &lt;&gt; ( ( "A" /\ X(&lt;&gt;("A")) ) ) ) )</text><parameters><parameter branchable="false" id="1" name="A"><graphical><style number="1"/><begin fill="false" style="0"/><middle fill="false" style="0"/><end fill="false" style="0"/></graphical></parameter></parameters><statemessages><message state="VIOLATED">VIOLATED undefined</message><message state="VIOLATED_TEMPORARY">VIOLATED_TEMPORARY undefined</message><message state="SATISFIED">SATISFIED undefined</message></statemessages></template><constraintparameters><parameter templateparameter="1"><branches><branch name="Arbeitsauftrag vergeben"/></branches></parameter></constraintparameters></constraint><constraint id="21" mandatory="true"><condition/><name>exactly1</name><template><description>A has to happen exactly once.</description><display>1</display><name>exactly1</name><text>(  &lt;&gt; ("A") /\ ! ( &lt;&gt; ( ( "A" /\ X(&lt;&gt;("A")) ) ) ) )</text><parameters><parameter branchable="false" id="1" name="A"><graphical><style number="1"/><begin fill="false" style="0"/><middle fill="false" style="0"/><end fill="false" style="0"/></graphical></parameter></parameters><statemessages><message state="VIOLATED">VIOLATED undefined</message><message state="VIOLATED_TEMPORARY">VIOLATED_TEMPORARY undefined</message><message state="SATISFIED">SATISFIED undefined</message></statemessages></template><constraintparameters><parameter templateparameter="1"><branches><branch name="Kaufmaennische Projektkalkulation durchfuehren"/></branches></parameter></constraintparameters></constraint></constraintdefinitions><data/><team/><graphical><activities><cell height="49.0" id="1" width="298.0" x="71.0" y="122.0"/><cell height="50.0" id="2" width="308.0" x="513.0" y="125.0"/><cell height="48.0" id="3" width="305.0" x="515.0" y="254.0"/><cell height="46.0" id="4" width="365.0" x="961.0" y="255.0"/><cell height="54.0" id="5" width="295.0" x="514.0" y="376.0"/><cell height="50.0" id="6" width="261.0" x="101.0" y="380.0"/><cell height="47.0" id="7" width="259.0" x="102.0" y="494.0"/><cell height="47.0" id="8" width="285.0" x="518.0" y="495.0"/><cell height="48.0" id="9" width="334.0" x="966.0" y="495.0"/></activities><constraints><cell height="1.0" id="1" width="1.0" x="443.0" y="149.0"/><cell height="1.0" id="2" width="1.0" x="667.0" y="205.0"/><cell height="1.0" id="3" width="1.0" x="877.0" y="278.0"/><cell height="1.0" id="4" width="1.0" x="1144.0" y="402.0"/><cell height="1.0" id="5" width="1.0" x="443.0" y="404.0"/><cell height="1.0" id="6" width="1.0" x="229.0" y="460.0"/><cell height="1.0" id="7" width="1.0" x="446.0" y="518.0"/><cell height="1.0" id="8" width="1.0" x="896.0" y="518.0"/></constraints></graphical></assignment></model>