<?xml version="1.0" encoding="UTF-8" standalone="no"?><model><assignment language="ConDec" name="new model"><activitydefinitions><activity id="1" name="Besprechung durchfuehren"><authorization/><datamodel/></activity><activity id="2" name="Projekttagebuch fuehren"><authorization/><datamodel/></activity><activity id="3" name="Messdaten erfassen"><authorization/><datamodel/></activity><activity id="4" name="Metrik berechnen und auswerten"><authorization/><datamodel/></activity><activity id="5" name="kaufmaennischen Projektstatusbericht erstellen"><authorization/><datamodel/></activity><activity id="6" name="Projektstatusbericht erstellen"><authorization/><datamodel/></activity><activity id="7" name="Gesamtprojektfortschritt ermitteln"><authorization/><datamodel/></activity><activity id="8" name="QS-Bericht erstellen"><authorization/><datamodel/></activity><activity id="9" name="Projekt abschliessen"><authorization/><datamodel/></activity></activitydefinitions><constraintdefinitions><constraint id="3" mandatory="true"><condition/><name>succession</name><template><description>response and precedence:
1. After every &lt;b&gt;Messdaten erfassen&lt;/b&gt; there has to be at least one &lt;b&gt;Metrik berechnen und auswerten&lt;/b&gt;.
and
2. &lt;b&gt;Metrik berechnen und auswerten&lt;/b&gt; has to be preceded by &lt;b&gt;Messdaten erfassen&lt;/b&gt;. &lt;b&gt;Metrik berechnen und auswerten&lt;/b&gt; can happen only after &lt;b&gt;Messdaten erfassen&lt;/b&gt; had happened.</description><display>succession</display><name>succession</name><text>( []( ( "A" -&gt; &lt;&gt;( "B" ) ) ) /\  ( !( (( "B.started" \/ "B.completed") \/ "B.cancelled" ) ) W "A" )   )</text><parameters><parameter branchable="true" id="1" name="A"><graphical><style number="1"/><begin fill="true" style="5"/><middle fill="false" style="0"/><end fill="false" style="0"/></graphical></parameter><parameter branchable="true" id="2" name="B"><graphical><style number="1"/><begin fill="true" style="10"/><middle fill="false" style="0"/><end fill="false" style="0"/></graphical></parameter></parameters><statemessages><message state="VIOLATED">&lt;html&gt;VIOLATED undefined&lt;/html&gt;</message><message state="VIOLATED_TEMPORARY">&lt;html&gt;VIOLATED_TEMPORARY undefined&lt;/html&gt;</message><message state="SATISFIED">&lt;html&gt;SATISFIED undefined&lt;/html&gt;</message></statemessages></template><constraintparameters><parameter templateparameter="1"><branches><branch name="Messdaten erfassen"/></branches></parameter><parameter templateparameter="2"><branches><branch name="Metrik berechnen und auswerten"/></branches></parameter></constraintparameters></constraint><constraint id="4" mandatory="true"><condition/><name>succession</name><template><description>response and precedence:
1. After every &lt;b&gt;Metrik berechnen und auswerten&lt;/b&gt; there has to be at least one &lt;b&gt;kaufmaennischen Projektstatusbericht erstellen&lt;/b&gt;.
and
2. &lt;b&gt;kaufmaennischen Projektstatusbericht erstellen&lt;/b&gt; has to be preceded by &lt;b&gt;Metrik berechnen und auswerten&lt;/b&gt;. &lt;b&gt;kaufmaennischen Projektstatusbericht erstellen&lt;/b&gt; can happen only after &lt;b&gt;Metrik berechnen und auswerten&lt;/b&gt; had happened.</description><display>succession</display><name>succession</name><text>( []( ( "A" -&gt; &lt;&gt;( "B" ) ) ) /\  ( !( (( "B.started" \/ "B.completed") \/ "B.cancelled" ) ) W "A" )   )</text><parameters><parameter branchable="true" id="1" name="A"><graphical><style number="1"/><begin fill="true" style="5"/><middle fill="false" style="0"/><end fill="false" style="0"/></graphical></parameter><parameter branchable="true" id="2" name="B"><graphical><style number="1"/><begin fill="true" style="10"/><middle fill="false" style="0"/><end fill="false" style="0"/></graphical></parameter></parameters><statemessages><message state="VIOLATED">&lt;html&gt;VIOLATED undefined&lt;/html&gt;</message><message state="VIOLATED_TEMPORARY">&lt;html&gt;VIOLATED_TEMPORARY undefined&lt;/html&gt;</message><message state="SATISFIED">&lt;html&gt;SATISFIED undefined&lt;/html&gt;</message></statemessages></template><constraintparameters><parameter templateparameter="1"><branches><branch name="Metrik berechnen und auswerten"/></branches></parameter><parameter templateparameter="2"><branches><branch name="kaufmaennischen Projektstatusbericht erstellen"/></branches></parameter></constraintparameters></constraint><constraint id="6" mandatory="true"><condition/><name>succession</name><template><description>response and precedence:
1. After every &lt;b&gt;Projektstatusbericht erstellen&lt;/b&gt; there has to be at least one &lt;b&gt;Gesamtprojektfortschritt ermitteln&lt;/b&gt;.
and
2. &lt;b&gt;Gesamtprojektfortschritt ermitteln&lt;/b&gt; has to be preceded by &lt;b&gt;Projektstatusbericht erstellen&lt;/b&gt;. &lt;b&gt;Gesamtprojektfortschritt ermitteln&lt;/b&gt; can happen only after &lt;b&gt;Projektstatusbericht erstellen&lt;/b&gt; had happened.</description><display>succession</display><name>succession</name><text>( []( ( "A" -&gt; &lt;&gt;( "B" ) ) ) /\  ( !( (( "B.started" \/ "B.completed") \/ "B.cancelled" ) ) W "A" )   )</text><parameters><parameter branchable="true" id="1" name="A"><graphical><style number="1"/><begin fill="true" style="5"/><middle fill="false" style="0"/><end fill="false" style="0"/></graphical></parameter><parameter branchable="true" id="2" name="B"><graphical><style number="1"/><begin fill="true" style="10"/><middle fill="false" style="0"/><end fill="false" style="0"/></graphical></parameter></parameters><statemessages><message state="VIOLATED">&lt;html&gt;VIOLATED undefined&lt;/html&gt;</message><message state="VIOLATED_TEMPORARY">&lt;html&gt;VIOLATED_TEMPORARY undefined&lt;/html&gt;</message><message state="SATISFIED">&lt;html&gt;SATISFIED undefined&lt;/html&gt;</message></statemessages></template><constraintparameters><parameter templateparameter="1"><branches><branch name="Projektstatusbericht erstellen"/></branches></parameter><parameter templateparameter="2"><branches><branch name="Gesamtprojektfortschritt ermitteln"/></branches></parameter></constraintparameters></constraint><constraint id="7" mandatory="true"><condition/><name>succession</name><template><description>response and precedence:
1. After every &lt;b&gt;Gesamtprojektfortschritt ermitteln&lt;/b&gt; there has to be at least one &lt;b&gt;QS-Bericht erstellen&lt;/b&gt;.
and
2. &lt;b&gt;QS-Bericht erstellen&lt;/b&gt; has to be preceded by &lt;b&gt;Gesamtprojektfortschritt ermitteln&lt;/b&gt;. &lt;b&gt;QS-Bericht erstellen&lt;/b&gt; can happen only after &lt;b&gt;Gesamtprojektfortschritt ermitteln&lt;/b&gt; had happened.</description><display>succession</display><name>succession</name><text>( []( ( "A" -&gt; &lt;&gt;( "B" ) ) ) /\  ( !( (( "B.started" \/ "B.completed") \/ "B.cancelled" ) ) W "A" )   )</text><parameters><parameter branchable="true" id="1" name="A"><graphical><style number="1"/><begin fill="true" style="5"/><middle fill="false" style="0"/><end fill="false" style="0"/></graphical></parameter><parameter branchable="true" id="2" name="B"><graphical><style number="1"/><begin fill="true" style="10"/><middle fill="false" style="0"/><end fill="false" style="0"/></graphical></parameter></parameters><statemessages><message state="VIOLATED">&lt;html&gt;VIOLATED undefined&lt;/html&gt;</message><message state="VIOLATED_TEMPORARY">&lt;html&gt;VIOLATED_TEMPORARY undefined&lt;/html&gt;</message><message state="SATISFIED">&lt;html&gt;SATISFIED undefined&lt;/html&gt;</message></statemessages></template><constraintparameters><parameter templateparameter="1"><branches><branch name="Gesamtprojektfortschritt ermitteln"/></branches></parameter><parameter templateparameter="2"><branches><branch name="QS-Bericht erstellen"/></branches></parameter></constraintparameters></constraint><constraint id="8" mandatory="true"><condition/><name>succession</name><template><description>response and precedence:
1. After every &lt;b&gt;QS-Bericht erstellen&lt;/b&gt; there has to be at least one &lt;b&gt;Projekt abschliessen&lt;/b&gt;.
and
2. &lt;b&gt;Projekt abschliessen&lt;/b&gt; has to be preceded by &lt;b&gt;QS-Bericht erstellen&lt;/b&gt;. &lt;b&gt;Projekt abschliessen&lt;/b&gt; can happen only after &lt;b&gt;QS-Bericht erstellen&lt;/b&gt; had happened.</description><display>succession</display><name>succession</name><text>( []( ( "A" -&gt; &lt;&gt;( "B" ) ) ) /\  ( !( (( "B.started" \/ "B.completed") \/ "B.cancelled" ) ) W "A" )   )</text><parameters><parameter branchable="true" id="1" name="A"><graphical><style number="1"/><begin fill="true" style="5"/><middle fill="false" style="0"/><end fill="false" style="0"/></graphical></parameter><parameter branchable="true" id="2" name="B"><graphical><style number="1"/><begin fill="true" style="10"/><middle fill="false" style="0"/><end fill="false" style="0"/></graphical></parameter></parameters><statemessages><message state="VIOLATED">&lt;html&gt;VIOLATED undefined&lt;/html&gt;</message><message state="VIOLATED_TEMPORARY">&lt;html&gt;VIOLATED_TEMPORARY undefined&lt;/html&gt;</message><message state="SATISFIED">&lt;html&gt;SATISFIED undefined&lt;/html&gt;</message></statemessages></template><constraintparameters><parameter templateparameter="1"><branches><branch name="QS-Bericht erstellen"/></branches></parameter><parameter templateparameter="2"><branches><branch name="Projekt abschliessen"/></branches></parameter></constraintparameters></constraint><constraint id="9" mandatory="true"><condition/><name>exactly1</name><template><description>A has to happen exactly once.</description><display>1</display><name>exactly1</name><text>(  &lt;&gt; ("A") /\ ! ( &lt;&gt; ( ( "A" /\ X(&lt;&gt;("A")) ) ) ) )</text><parameters><parameter branchable="false" id="1" name="A"><graphical><style number="1"/><begin fill="false" style="0"/><middle fill="false" style="0"/><end fill="false" style="0"/></graphical></parameter></parameters><statemessages><message state="VIOLATED">VIOLATED undefined</message><message state="VIOLATED_TEMPORARY">VIOLATED_TEMPORARY undefined</message><message state="SATISFIED">SATISFIED undefined</message></statemessages></template><constraintparameters><parameter templateparameter="1"><branches><branch name="Besprechung durchfuehren"/></branches></parameter></constraintparameters></constraint><constraint id="10" mandatory="true"><condition/><name>init</name><template><description>Each instance has to start with execution of &lt;b&gt;Besprechung durchfuehren&lt;/b&gt;.</description><display>init</display><name>init</name><text>( ( "A.started" \/ "A.cancelled" ) W  "A" )</text><parameters><parameter branchable="false" id="1" name="A"><graphical><style number="1"/><begin fill="false" style="0"/><middle fill="false" style="0"/><end fill="false" style="0"/></graphical></parameter></parameters><statemessages><message state="VIOLATED">&lt;html&gt;This constraint is violated because the first executed task 
in this instance was not "A".  &lt;/html&gt;</message><message state="VIOLATED_TEMPORARY">&lt;html&gt;This should never happen!&lt;/html&gt;</message><message state="SATISFIED">&lt;html&gt;This constraint is satisfied because either:
&lt;ul&gt;
&lt;li&gt;none of the tasks in this instance were executed yet, or&lt;/li&gt;
&lt;li&gt;the first executed task is &amp;quot;A&amp;quot;.&lt;/li&gt;
&lt;/ul&gt;&lt;/html&gt;</message></statemessages></template><constraintparameters><parameter templateparameter="1"><branches><branch name="Besprechung durchfuehren"/></branches></parameter></constraintparameters></constraint><constraint id="12" mandatory="true"><condition/><name>exactly1</name><template><description>A has to happen exactly once.</description><display>1</display><name>exactly1</name><text>(  &lt;&gt; ("A") /\ ! ( &lt;&gt; ( ( "A" /\ X(&lt;&gt;("A")) ) ) ) )</text><parameters><parameter branchable="false" id="1" name="A"><graphical><style number="1"/><begin fill="false" style="0"/><middle fill="false" style="0"/><end fill="false" style="0"/></graphical></parameter></parameters><statemessages><message state="VIOLATED">VIOLATED undefined</message><message state="VIOLATED_TEMPORARY">VIOLATED_TEMPORARY undefined</message><message state="SATISFIED">SATISFIED undefined</message></statemessages></template><constraintparameters><parameter templateparameter="1"><branches><branch name="Messdaten erfassen"/></branches></parameter></constraintparameters></constraint><constraint id="14" mandatory="true"><condition/><name>exactly1</name><template><description>A has to happen exactly once.</description><display>1</display><name>exactly1</name><text>(  &lt;&gt; ("A") /\ ! ( &lt;&gt; ( ( "A" /\ X(&lt;&gt;("A")) ) ) ) )</text><parameters><parameter branchable="false" id="1" name="A"><graphical><style number="1"/><begin fill="false" style="0"/><middle fill="false" style="0"/><end fill="false" style="0"/></graphical></parameter></parameters><statemessages><message state="VIOLATED">VIOLATED undefined</message><message state="VIOLATED_TEMPORARY">VIOLATED_TEMPORARY undefined</message><message state="SATISFIED">SATISFIED undefined</message></statemessages></template><constraintparameters><parameter templateparameter="1"><branches><branch name="kaufmaennischen Projektstatusbericht erstellen"/></branches></parameter></constraintparameters></constraint><constraint id="15" mandatory="true"><condition/><name>exactly1</name><template><description>A has to happen exactly once.</description><display>1</display><name>exactly1</name><text>(  &lt;&gt; ("A") /\ ! ( &lt;&gt; ( ( "A" /\ X(&lt;&gt;("A")) ) ) ) )</text><parameters><parameter branchable="false" id="1" name="A"><graphical><style number="1"/><begin fill="false" style="0"/><middle fill="false" style="0"/><end fill="false" style="0"/></graphical></parameter></parameters><statemessages><message state="VIOLATED">VIOLATED undefined</message><message state="VIOLATED_TEMPORARY">VIOLATED_TEMPORARY undefined</message><message state="SATISFIED">SATISFIED undefined</message></statemessages></template><constraintparameters><parameter templateparameter="1"><branches><branch name="Projektstatusbericht erstellen"/></branches></parameter></constraintparameters></constraint><constraint id="17" mandatory="true"><condition/><name>exactly1</name><template><description>A has to happen exactly once.</description><display>1</display><name>exactly1</name><text>(  &lt;&gt; ("A") /\ ! ( &lt;&gt; ( ( "A" /\ X(&lt;&gt;("A")) ) ) ) )</text><parameters><parameter branchable="false" id="1" name="A"><graphical><style number="1"/><begin fill="false" style="0"/><middle fill="false" style="0"/><end fill="false" style="0"/></graphical></parameter></parameters><statemessages><message state="VIOLATED">VIOLATED undefined</message><message state="VIOLATED_TEMPORARY">VIOLATED_TEMPORARY undefined</message><message state="SATISFIED">SATISFIED undefined</message></statemessages></template><constraintparameters><parameter templateparameter="1"><branches><branch name="QS-Bericht erstellen"/></branches></parameter></constraintparameters></constraint><constraint id="19" mandatory="true"><condition/><name>succession</name><template><description>response and precedence:
1. After every &lt;b&gt;Besprechung durchfuehren&lt;/b&gt; there has to be at least one &lt;b&gt;Messdaten erfassen&lt;/b&gt;.
and
2. &lt;b&gt;Messdaten erfassen&lt;/b&gt; has to be preceded by &lt;b&gt;Besprechung durchfuehren&lt;/b&gt;. &lt;b&gt;Messdaten erfassen&lt;/b&gt; can happen only after &lt;b&gt;Besprechung durchfuehren&lt;/b&gt; had happened.</description><display>succession</display><name>succession</name><text>( []( ( "A" -&gt; &lt;&gt;( "B" ) ) ) /\  ( !( (( "B.started" \/ "B.completed") \/ "B.cancelled" ) ) W "A" )   )</text><parameters><parameter branchable="true" id="1" name="A"><graphical><style number="1"/><begin fill="true" style="5"/><middle fill="false" style="0"/><end fill="false" style="0"/></graphical></parameter><parameter branchable="true" id="2" name="B"><graphical><style number="1"/><begin fill="true" style="10"/><middle fill="false" style="0"/><end fill="false" style="0"/></graphical></parameter></parameters><statemessages><message state="VIOLATED">&lt;html&gt;VIOLATED undefined&lt;/html&gt;</message><message state="VIOLATED_TEMPORARY">&lt;html&gt;VIOLATED_TEMPORARY undefined&lt;/html&gt;</message><message state="SATISFIED">&lt;html&gt;SATISFIED undefined&lt;/html&gt;</message></statemessages></template><constraintparameters><parameter templateparameter="1"><branches><branch name="Besprechung durchfuehren"/></branches></parameter><parameter templateparameter="2"><branches><branch name="Messdaten erfassen"/></branches></parameter></constraintparameters></constraint><constraint id="20" mandatory="true"><condition/><name>exactly1</name><template><description>A has to happen exactly once.</description><display>1</display><name>exactly1</name><text>(  &lt;&gt; ("A") /\ ! ( &lt;&gt; ( ( "A" /\ X(&lt;&gt;("A")) ) ) ) )</text><parameters><parameter branchable="false" id="1" name="A"><graphical><style number="1"/><begin fill="false" style="0"/><middle fill="false" style="0"/><end fill="false" style="0"/></graphical></parameter></parameters><statemessages><message state="VIOLATED">VIOLATED undefined</message><message state="VIOLATED_TEMPORARY">VIOLATED_TEMPORARY undefined</message><message state="SATISFIED">SATISFIED undefined</message></statemessages></template><constraintparameters><parameter templateparameter="1"><branches><branch name="Messdaten erfassen"/></branches></parameter></constraintparameters></constraint><constraint id="21" mandatory="true"><condition/><name>exactly1</name><template><description>A has to happen exactly once.</description><display>1</display><name>exactly1</name><text>(  &lt;&gt; ("A") /\ ! ( &lt;&gt; ( ( "A" /\ X(&lt;&gt;("A")) ) ) ) )</text><parameters><parameter branchable="false" id="1" name="A"><graphical><style number="1"/><begin fill="false" style="0"/><middle fill="false" style="0"/><end fill="false" style="0"/></graphical></parameter></parameters><statemessages><message state="VIOLATED">VIOLATED undefined</message><message state="VIOLATED_TEMPORARY">VIOLATED_TEMPORARY undefined</message><message state="SATISFIED">SATISFIED undefined</message></statemessages></template><constraintparameters><parameter templateparameter="1"><branches><branch name="Projekt abschliessen"/></branches></parameter></constraintparameters></constraint><constraint id="22" mandatory="true"><condition/><name>succession</name><template><description>response and precedence:
1. After every &lt;b&gt;kaufmaennischen Projektstatusbericht erstellen&lt;/b&gt; there has to be at least one &lt;b&gt;Projektstatusbericht erstellen&lt;/b&gt;.
and
2. &lt;b&gt;Projektstatusbericht erstellen&lt;/b&gt; has to be preceded by &lt;b&gt;kaufmaennischen Projektstatusbericht erstellen&lt;/b&gt;. &lt;b&gt;Projektstatusbericht erstellen&lt;/b&gt; can happen only after &lt;b&gt;kaufmaennischen Projektstatusbericht erstellen&lt;/b&gt; had happened.</description><display>succession</display><name>succession</name><text>( []( ( "A" -&gt; &lt;&gt;( "B" ) ) ) /\  ( !( (( "B.started" \/ "B.completed") \/ "B.cancelled" ) ) W "A" )   )</text><parameters><parameter branchable="true" id="1" name="A"><graphical><style number="1"/><begin fill="true" style="5"/><middle fill="false" style="0"/><end fill="false" style="0"/></graphical></parameter><parameter branchable="true" id="2" name="B"><graphical><style number="1"/><begin fill="true" style="10"/><middle fill="false" style="0"/><end fill="false" style="0"/></graphical></parameter></parameters><statemessages><message state="VIOLATED">&lt;html&gt;VIOLATED undefined&lt;/html&gt;</message><message state="VIOLATED_TEMPORARY">&lt;html&gt;VIOLATED_TEMPORARY undefined&lt;/html&gt;</message><message state="SATISFIED">&lt;html&gt;SATISFIED undefined&lt;/html&gt;</message></statemessages></template><constraintparameters><parameter templateparameter="1"><branches><branch name="kaufmaennischen Projektstatusbericht erstellen"/></branches></parameter><parameter templateparameter="2"><branches><branch name="Projektstatusbericht erstellen"/></branches></parameter></constraintparameters></constraint><constraint id="23" mandatory="true"><condition/><name>existence</name><template><description>&lt;b&gt;Projekttagebuch fuehren&lt;/b&gt; has to be executed at least once.</description><display>1..*</display><name>existence</name><text>&lt;&gt; ( "A" )</text><parameters><parameter branchable="false" id="1" name="A"><graphical><style number="1"/><begin fill="false" style="0"/><middle fill="false" style="0"/><end fill="false" style="0"/></graphical></parameter></parameters><statemessages><message state="VIOLATED">&lt;html&gt;Task &amp;quot;A&amp;quot; has never been executed.&lt;/html&gt;</message><message state="VIOLATED_TEMPORARY">&lt;html&gt;
&lt;p&gt;Task &amp;quot;A&amp;quot; has not been executed yet. &lt;/p&gt;
&lt;p&gt;To satisfy this constraint you must execite task &amp;quot;A&amp;quot;.&lt;/p&gt;&lt;/html&gt;</message><message state="SATISFIED">&lt;html&gt;Task &amp;quot;A&amp;quot; has been executed at least one before.&lt;/html&gt;</message></statemessages></template><constraintparameters><parameter templateparameter="1"><branches><branch name="Projekttagebuch fuehren"/></branches></parameter></constraintparameters></constraint><constraint id="24" mandatory="true"><condition/><name>precedence</name><template><description>&lt;b&gt;Projekttagebuch fuehren&lt;/b&gt; has to be preceded by &lt;b&gt;Besprechung durchfuehren&lt;/b&gt;. &lt;b&gt;Projekttagebuch fuehren&lt;/b&gt; can happen only after &lt;b&gt;Besprechung durchfuehren&lt;/b&gt; had happened.</description><display>precedence</display><name>precedence</name><text> ( ! ((( "B.started" \/ "B.completed") \/ "B.cancelled" )) W "A" ) </text><parameters><parameter branchable="true" id="1" name="A"><graphical><style number="1"/><begin fill="true" style="0"/><middle fill="false" style="0"/><end fill="false" style="0"/></graphical></parameter><parameter branchable="true" id="2" name="B"><graphical><style number="1"/><begin fill="true" style="10"/><middle fill="false" style="0"/><end fill="false" style="0"/></graphical></parameter></parameters><statemessages><message state="VIOLATED">&lt;html&gt;This constraint is violated because task &amp;quot;B&amp;quot; was executed before task &amp;quot;A&amp;quot;.&lt;/html&gt;</message><message state="VIOLATED_TEMPORARY">&lt;html&gt;This should never happen!&lt;/html&gt;</message><message state="SATISFIED">&lt;html&gt;This constraint is satisfied because either: 
&lt;ul&gt;
&lt;li&gt;task &amp;quot;B&amp;quot; was never executed, or&lt;/li&gt;
&lt;li&gt;first task &amp;quot;A&amp;quot; was executed, and then task &amp;quot;B&amp;quot; was executed. &lt;/li&gt;
&lt;/ul&gt;&lt;/html&gt;</message></statemessages></template><constraintparameters><parameter templateparameter="1"><branches><branch name="Besprechung durchfuehren"/></branches></parameter><parameter templateparameter="2"><branches><branch name="Projekttagebuch fuehren"/></branches></parameter></constraintparameters></constraint><constraint id="25" mandatory="true"><condition/><name>exactly1</name><template><description>A has to happen exactly once.</description><display>1</display><name>exactly1</name><text>(  &lt;&gt; ("A") /\ ! ( &lt;&gt; ( ( "A" /\ X(&lt;&gt;("A")) ) ) ) )</text><parameters><parameter branchable="false" id="1" name="A"><graphical><style number="1"/><begin fill="false" style="0"/><middle fill="false" style="0"/><end fill="false" style="0"/></graphical></parameter></parameters><statemessages><message state="VIOLATED">VIOLATED undefined</message><message state="VIOLATED_TEMPORARY">VIOLATED_TEMPORARY undefined</message><message state="SATISFIED">SATISFIED undefined</message></statemessages></template><constraintparameters><parameter templateparameter="1"><branches><branch name="Gesamtprojektfortschritt ermitteln"/></branches></parameter></constraintparameters></constraint><constraint id="26" mandatory="true"><condition/><name>exactly1</name><template><description>A has to happen exactly once.</description><display>1</display><name>exactly1</name><text>(  &lt;&gt; ("A") /\ ! ( &lt;&gt; ( ( "A" /\ X(&lt;&gt;("A")) ) ) ) )</text><parameters><parameter branchable="false" id="1" name="A"><graphical><style number="1"/><begin fill="false" style="0"/><middle fill="false" style="0"/><end fill="false" style="0"/></graphical></parameter></parameters><statemessages><message state="VIOLATED">VIOLATED undefined</message><message state="VIOLATED_TEMPORARY">VIOLATED_TEMPORARY undefined</message><message state="SATISFIED">SATISFIED undefined</message></statemessages></template><constraintparameters><parameter templateparameter="1"><branches><branch name="Metrik berechnen und auswerten"/></branches></parameter></constraintparameters></constraint></constraintdefinitions><data/><team/><graphical><activities><cell height="44.0" id="1" width="189.0" x="63.0" y="114.0"/><cell height="44.0" id="2" width="190.0" x="427.0" y="44.0"/><cell height="42.0" id="3" width="190.0" x="781.0" y="116.0"/><cell height="44.0" id="4" width="222.0" x="765.0" y="270.0"/><cell height="43.0" id="5" width="312.0" x="352.0" y="266.0"/><cell height="45.0" id="6" width="198.0" x="32.0" y="267.0"/><cell height="44.0" id="7" width="254.0" x="4.0" y="415.0"/><cell height="42.0" id="8" width="233.0" x="401.0" y="418.0"/><cell height="42.0" id="9" width="220.0" x="761.0" y="420.0"/></activities><constraints><cell height="1.0" id="3" width="1.0" x="874.0" y="202.0"/><cell height="1.0" id="4" width="1.0" x="688.0" y="293.0"/><cell height="1.0" id="6" width="1.0" x="131.0" y="365.0"/><cell height="1.0" id="7" width="1.0" x="350.0" y="434.0"/><cell height="1.0" id="8" width="1.0" x="694.0" y="440.0"/><cell height="1.0" id="19" width="1.0" x="479.0" y="136.0"/><cell height="1.0" id="22" width="1.0" x="319.0" y="288.0"/><cell height="1.0" id="24" width="1.0" x="284.0" y="66.0"/></constraints></graphical></assignment></model>