<?xml version="1.0" encoding="UTF-8" standalone="no"?><model><assignment language="ConDec" name="new model"><activitydefinitions><activity id="2" name="B"><authorization/><datamodel/></activity><activity id="3" name="C"><authorization/><datamodel/></activity><activity id="4" name="A"><authorization/><datamodel/></activity></activitydefinitions><constraintdefinitions><constraint id="1" mandatory="true"><condition/><name>choice 2 of 3</name><template><description/><display>2 of 3</display><name>choice 2 of 3</name><text>( ( ( &lt;&gt;("A") /\ &lt;&gt;( "B" ) ) \/ ( &lt;&gt;("A") /\ &lt;&gt;( "C" ) ) ) \/  ( &lt;&gt;("B") /\ &lt;&gt;( "C" ) ) ) </text><parameters><parameter branchable="false" id="1" name="A"><graphical><style number="1"/><begin fill="false" style="0"/><middle fill="false" style="0"/><end fill="false" style="9"/></graphical></parameter><parameter branchable="false" id="2" name="B"><graphical><style number="1"/><begin fill="false" style="0"/><middle fill="false" style="0"/><end fill="false" style="0"/></graphical></parameter><parameter branchable="false" id="3" name="C"><graphical><style number="1"/><begin fill="false" style="0"/><middle fill="false" style="0"/><end fill="false" style="0"/></graphical></parameter></parameters><statemessages><message state="SATISFIED">SATISFIED undefined</message><message state="VIOLATED_TEMPORARY">VIOLATED_TEMPORARY undefined</message><message state="VIOLATED">VIOLATED undefined</message></statemessages></template><constraintparameters><parameter templateparameter="1"><branches><branch name="A"/></branches></parameter><parameter templateparameter="2"><branches><branch name="B"/></branches></parameter><parameter templateparameter="3"><branches><branch name="C"/></branches></parameter></constraintparameters></constraint></constraintdefinitions><data/><team/><graphical><activities><cell height="50.0" id="2" width="90.0" x="10.0" y="148.0"/><cell height="50.0" id="3" width="90.0" x="202.0" y="79.0"/><cell height="50.0" id="4" width="90.0" x="10.0" y="10.0"/></activities><constraints><cell height="1.0" id="1" width="1.0" x="119.0" y="104.0"/></constraints></graphical></assignment></model>