<?xml version="1.0" encoding="UTF-8" standalone="no"?><model><assignment language="ConDec" name="new model"><activitydefinitions><activity id="1" name="Angebot erstellen"><authorization/><datamodel/></activity><activity id="2" name="Vertrag abschliessen"><authorization/><datamodel/></activity><activity id="3" name="Vertragszusatz abschliessen"><authorization/><datamodel/></activity><activity id="4" name="Lieferung erstellen und ausliefern"><authorization/><datamodel/></activity><activity id="5" name="Abnahmeerklärung erhalten"><authorization/><datamodel/></activity></activitydefinitions><constraintdefinitions><constraint id="1" mandatory="true"><condition/><name>succession</name><template><description>response and precedence:
1. After every &lt;b&gt;Angebot erstellen&lt;/b&gt; there has to be at least one &lt;b&gt;Vertrag abschliessen&lt;/b&gt;.
and
2. &lt;b&gt;Vertrag abschliessen&lt;/b&gt; has to be preceded by &lt;b&gt;Angebot erstellen&lt;/b&gt;. &lt;b&gt;Vertrag abschliessen&lt;/b&gt; can happen only after &lt;b&gt;Angebot erstellen&lt;/b&gt; had happened.</description><display>succession</display><name>succession</name><text>( []( ( "A" -&gt; &lt;&gt;( "B" ) ) ) /\  ( !( (( "B.started" \/ "B.completed") \/ "B.cancelled" ) ) W "A" )   )</text><parameters><parameter branchable="true" id="1" name="A"><graphical><style number="1"/><begin fill="true" style="5"/><middle fill="false" style="0"/><end fill="false" style="0"/></graphical></parameter><parameter branchable="true" id="2" name="B"><graphical><style number="1"/><begin fill="true" style="10"/><middle fill="false" style="0"/><end fill="false" style="0"/></graphical></parameter></parameters><statemessages><message state="VIOLATED">&lt;html&gt;VIOLATED undefined&lt;/html&gt;</message><message state="VIOLATED_TEMPORARY">&lt;html&gt;VIOLATED_TEMPORARY undefined&lt;/html&gt;</message><message state="SATISFIED">&lt;html&gt;SATISFIED undefined&lt;/html&gt;</message></statemessages></template><constraintparameters><parameter templateparameter="1"><branches><branch name="Angebot erstellen"/></branches></parameter><parameter templateparameter="2"><branches><branch name="Vertrag abschliessen"/></branches></parameter></constraintparameters></constraint><constraint id="2" mandatory="true"><condition/><name>succession</name><template><description>response and precedence:
1. After every &lt;b&gt;Vertrag abschliessen&lt;/b&gt; there has to be at least one &lt;b&gt;Vertragszusatz abschliessen&lt;/b&gt;.
and
2. &lt;b&gt;Vertragszusatz abschliessen&lt;/b&gt; has to be preceded by &lt;b&gt;Vertrag abschliessen&lt;/b&gt;. &lt;b&gt;Vertragszusatz abschliessen&lt;/b&gt; can happen only after &lt;b&gt;Vertrag abschliessen&lt;/b&gt; had happened.</description><display>succession</display><name>succession</name><text>( []( ( "A" -&gt; &lt;&gt;( "B" ) ) ) /\  ( !( (( "B.started" \/ "B.completed") \/ "B.cancelled" ) ) W "A" )   )</text><parameters><parameter branchable="true" id="1" name="A"><graphical><style number="1"/><begin fill="true" style="5"/><middle fill="false" style="0"/><end fill="false" style="0"/></graphical></parameter><parameter branchable="true" id="2" name="B"><graphical><style number="1"/><begin fill="true" style="10"/><middle fill="false" style="0"/><end fill="false" style="0"/></graphical></parameter></parameters><statemessages><message state="VIOLATED">&lt;html&gt;VIOLATED undefined&lt;/html&gt;</message><message state="VIOLATED_TEMPORARY">&lt;html&gt;VIOLATED_TEMPORARY undefined&lt;/html&gt;</message><message state="SATISFIED">&lt;html&gt;SATISFIED undefined&lt;/html&gt;</message></statemessages></template><constraintparameters><parameter templateparameter="1"><branches><branch name="Vertrag abschliessen"/></branches></parameter><parameter templateparameter="2"><branches><branch name="Vertragszusatz abschliessen"/></branches></parameter></constraintparameters></constraint><constraint id="3" mandatory="true"><condition/><name>succession</name><template><description>response and precedence:
1. After every &lt;b&gt;Vertragszusatz abschliessen&lt;/b&gt; there has to be at least one &lt;b&gt;Lieferung erstellen und ausliefern&lt;/b&gt;.
and
2. &lt;b&gt;Lieferung erstellen und ausliefern&lt;/b&gt; has to be preceded by &lt;b&gt;Vertragszusatz abschliessen&lt;/b&gt;. &lt;b&gt;Lieferung erstellen und ausliefern&lt;/b&gt; can happen only after &lt;b&gt;Vertragszusatz abschliessen&lt;/b&gt; had happened.</description><display>succession</display><name>succession</name><text>( []( ( "A" -&gt; &lt;&gt;( "B" ) ) ) /\  ( !( (( "B.started" \/ "B.completed") \/ "B.cancelled" ) ) W "A" )   )</text><parameters><parameter branchable="true" id="1" name="A"><graphical><style number="1"/><begin fill="true" style="5"/><middle fill="false" style="0"/><end fill="false" style="0"/></graphical></parameter><parameter branchable="true" id="2" name="B"><graphical><style number="1"/><begin fill="true" style="10"/><middle fill="false" style="0"/><end fill="false" style="0"/></graphical></parameter></parameters><statemessages><message state="VIOLATED">&lt;html&gt;VIOLATED undefined&lt;/html&gt;</message><message state="VIOLATED_TEMPORARY">&lt;html&gt;VIOLATED_TEMPORARY undefined&lt;/html&gt;</message><message state="SATISFIED">&lt;html&gt;SATISFIED undefined&lt;/html&gt;</message></statemessages></template><constraintparameters><parameter templateparameter="1"><branches><branch name="Vertragszusatz abschliessen"/></branches></parameter><parameter templateparameter="2"><branches><branch name="Lieferung erstellen und ausliefern"/></branches></parameter></constraintparameters></constraint><constraint id="4" mandatory="true"><condition/><name>succession</name><template><description>response and precedence:
1. After every &lt;b&gt;Lieferung erstellen und ausliefern&lt;/b&gt; there has to be at least one &lt;b&gt;Abnahmeerklärung erhalten&lt;/b&gt;.
and
2. &lt;b&gt;Abnahmeerklärung erhalten&lt;/b&gt; has to be preceded by &lt;b&gt;Lieferung erstellen und ausliefern&lt;/b&gt;. &lt;b&gt;Abnahmeerklärung erhalten&lt;/b&gt; can happen only after &lt;b&gt;Lieferung erstellen und ausliefern&lt;/b&gt; had happened.</description><display>succession</display><name>succession</name><text>( []( ( "A" -&gt; &lt;&gt;( "B" ) ) ) /\  ( !( (( "B.started" \/ "B.completed") \/ "B.cancelled" ) ) W "A" )   )</text><parameters><parameter branchable="true" id="1" name="A"><graphical><style number="1"/><begin fill="true" style="5"/><middle fill="false" style="0"/><end fill="false" style="0"/></graphical></parameter><parameter branchable="true" id="2" name="B"><graphical><style number="1"/><begin fill="true" style="10"/><middle fill="false" style="0"/><end fill="false" style="0"/></graphical></parameter></parameters><statemessages><message state="VIOLATED">&lt;html&gt;VIOLATED undefined&lt;/html&gt;</message><message state="VIOLATED_TEMPORARY">&lt;html&gt;VIOLATED_TEMPORARY undefined&lt;/html&gt;</message><message state="SATISFIED">&lt;html&gt;SATISFIED undefined&lt;/html&gt;</message></statemessages></template><constraintparameters><parameter templateparameter="1"><branches><branch name="Lieferung erstellen und ausliefern"/></branches></parameter><parameter templateparameter="2"><branches><branch name="Abnahmeerklärung erhalten"/></branches></parameter></constraintparameters></constraint><constraint id="5" mandatory="true"><condition/><name>exactly1</name><template><description>A has to happen exactly once.</description><display>1</display><name>exactly1</name><text>(  &lt;&gt; ("A") /\ ! ( &lt;&gt; ( ( "A" /\ X(&lt;&gt;("A")) ) ) ) )</text><parameters><parameter branchable="false" id="1" name="A"><graphical><style number="1"/><begin fill="false" style="0"/><middle fill="false" style="0"/><end fill="false" style="0"/></graphical></parameter></parameters><statemessages><message state="VIOLATED">VIOLATED undefined</message><message state="VIOLATED_TEMPORARY">VIOLATED_TEMPORARY undefined</message><message state="SATISFIED">SATISFIED undefined</message></statemessages></template><constraintparameters><parameter templateparameter="1"><branches><branch name="Angebot erstellen"/></branches></parameter></constraintparameters></constraint><constraint id="6" mandatory="true"><condition/><name>exactly1</name><template><description>A has to happen exactly once.</description><display>1</display><name>exactly1</name><text>(  &lt;&gt; ("A") /\ ! ( &lt;&gt; ( ( "A" /\ X(&lt;&gt;("A")) ) ) ) )</text><parameters><parameter branchable="false" id="1" name="A"><graphical><style number="1"/><begin fill="false" style="0"/><middle fill="false" style="0"/><end fill="false" style="0"/></graphical></parameter></parameters><statemessages><message state="VIOLATED">VIOLATED undefined</message><message state="VIOLATED_TEMPORARY">VIOLATED_TEMPORARY undefined</message><message state="SATISFIED">SATISFIED undefined</message></statemessages></template><constraintparameters><parameter templateparameter="1"><branches><branch name="Vertrag abschliessen"/></branches></parameter></constraintparameters></constraint><constraint id="7" mandatory="true"><condition/><name>exactly1</name><template><description>A has to happen exactly once.</description><display>1</display><name>exactly1</name><text>(  &lt;&gt; ("A") /\ ! ( &lt;&gt; ( ( "A" /\ X(&lt;&gt;("A")) ) ) ) )</text><parameters><parameter branchable="false" id="1" name="A"><graphical><style number="1"/><begin fill="false" style="0"/><middle fill="false" style="0"/><end fill="false" style="0"/></graphical></parameter></parameters><statemessages><message state="VIOLATED">VIOLATED undefined</message><message state="VIOLATED_TEMPORARY">VIOLATED_TEMPORARY undefined</message><message state="SATISFIED">SATISFIED undefined</message></statemessages></template><constraintparameters><parameter templateparameter="1"><branches><branch name="Vertragszusatz abschliessen"/></branches></parameter></constraintparameters></constraint><constraint id="8" mandatory="true"><condition/><name>exactly1</name><template><description>A has to happen exactly once.</description><display>1</display><name>exactly1</name><text>(  &lt;&gt; ("A") /\ ! ( &lt;&gt; ( ( "A" /\ X(&lt;&gt;("A")) ) ) ) )</text><parameters><parameter branchable="false" id="1" name="A"><graphical><style number="1"/><begin fill="false" style="0"/><middle fill="false" style="0"/><end fill="false" style="0"/></graphical></parameter></parameters><statemessages><message state="VIOLATED">VIOLATED undefined</message><message state="VIOLATED_TEMPORARY">VIOLATED_TEMPORARY undefined</message><message state="SATISFIED">SATISFIED undefined</message></statemessages></template><constraintparameters><parameter templateparameter="1"><branches><branch name="Lieferung erstellen und ausliefern"/></branches></parameter></constraintparameters></constraint><constraint id="9" mandatory="true"><condition/><name>exactly1</name><template><description>A has to happen exactly once.</description><display>1</display><name>exactly1</name><text>(  &lt;&gt; ("A") /\ ! ( &lt;&gt; ( ( "A" /\ X(&lt;&gt;("A")) ) ) ) )</text><parameters><parameter branchable="false" id="1" name="A"><graphical><style number="1"/><begin fill="false" style="0"/><middle fill="false" style="0"/><end fill="false" style="0"/></graphical></parameter></parameters><statemessages><message state="VIOLATED">VIOLATED undefined</message><message state="VIOLATED_TEMPORARY">VIOLATED_TEMPORARY undefined</message><message state="SATISFIED">SATISFIED undefined</message></statemessages></template><constraintparameters><parameter templateparameter="1"><branches><branch name="Abnahmeerklärung erhalten"/></branches></parameter></constraintparameters></constraint></constraintdefinitions><data/><team/><graphical><activities><cell height="46.0" id="1" width="222.0" x="31.0" y="122.0"/><cell height="45.0" id="2" width="246.0" x="365.0" y="126.0"/><cell height="46.0" id="3" width="240.0" x="734.0" y="125.0"/><cell height="46.0" id="4" width="241.0" x="366.0" y="220.0"/><cell height="46.0" id="5" width="219.0" x="32.0" y="223.0"/></activities><constraints><cell height="1.0" id="1" width="1.0" x="312.0" y="144.0"/><cell height="1.0" id="2" width="1.0" x="655.0" y="148.0"/><cell height="1.0" id="3" width="1.0" x="854.0" y="243.0"/><cell height="1.0" id="4" width="1.0" x="314.0" y="242.0"/></constraints></graphical></assignment></model>