<?xml version="1.0" encoding="UTF-8" standalone="no"?><model><assignment language="ConDec" name="new model"><activitydefinitions><activity id="1" name="Release zusammenstellen"><authorization/><datamodel/></activity><activity id="2" name="Deploymentplan ausfuehren"><authorization/><datamodel/></activity><activity id="3" name="erfolgreiches Deployment sicherstellen"><authorization/><datamodel/></activity><activity id="4" name="Backoutplan ausfuehren"><authorization/><datamodel/></activity><activity id="5" name="Release-Mitteilungen uebermitteln"><authorization/><datamodel/></activity></activitydefinitions><constraintdefinitions><constraint id="3" mandatory="true"><condition/><name>precedence</name><template><description>&lt;b&gt;Backoutplan ausfuehren&lt;/b&gt; has to be preceded by &lt;b&gt;erfolgreiches Deployment sicherstellen&lt;/b&gt;. &lt;b&gt;Backoutplan ausfuehren&lt;/b&gt; can happen only after &lt;b&gt;erfolgreiches Deployment sicherstellen&lt;/b&gt; had happened.</description><display>precedence</display><name>precedence</name><text> ( ! ((( "B.started" \/ "B.completed") \/ "B.cancelled" )) W "A" ) </text><parameters><parameter branchable="true" id="1" name="A"><graphical><style number="1"/><begin fill="true" style="0"/><middle fill="false" style="0"/><end fill="false" style="0"/></graphical></parameter><parameter branchable="true" id="2" name="B"><graphical><style number="1"/><begin fill="true" style="10"/><middle fill="false" style="0"/><end fill="false" style="0"/></graphical></parameter></parameters><statemessages><message state="VIOLATED">&lt;html&gt;This constraint is violated because task &amp;quot;B&amp;quot; was executed before task &amp;quot;A&amp;quot;.&lt;/html&gt;</message><message state="VIOLATED_TEMPORARY">&lt;html&gt;This should never happen!&lt;/html&gt;</message><message state="SATISFIED">&lt;html&gt;This constraint is satisfied because either: 
&lt;ul&gt;
&lt;li&gt;task &amp;quot;B&amp;quot; was never executed, or&lt;/li&gt;
&lt;li&gt;first task &amp;quot;A&amp;quot; was executed, and then task &amp;quot;B&amp;quot; was executed. &lt;/li&gt;
&lt;/ul&gt;&lt;/html&gt;</message></statemessages></template><constraintparameters><parameter templateparameter="1"><branches><branch name="erfolgreiches Deployment sicherstellen"/></branches></parameter><parameter templateparameter="2"><branches><branch name="Backoutplan ausfuehren"/></branches></parameter></constraintparameters></constraint><constraint id="10" mandatory="true"><condition/><name>exactly1</name><template><description>A has to happen exactly once.</description><display>1</display><name>exactly1</name><text>(  &lt;&gt; ("A") /\ ! ( &lt;&gt; ( ( "A" /\ X(&lt;&gt;("A")) ) ) ) )</text><parameters><parameter branchable="false" id="1" name="A"><graphical><style number="1"/><begin fill="false" style="0"/><middle fill="false" style="0"/><end fill="false" style="0"/></graphical></parameter></parameters><statemessages><message state="VIOLATED">VIOLATED undefined</message><message state="VIOLATED_TEMPORARY">VIOLATED_TEMPORARY undefined</message><message state="SATISFIED">SATISFIED undefined</message></statemessages></template><constraintparameters><parameter templateparameter="1"><branches><branch name="Deploymentplan ausfuehren"/></branches></parameter></constraintparameters></constraint><constraint id="11" mandatory="true"><condition/><name>exactly1</name><template><description>A has to happen exactly once.</description><display>1</display><name>exactly1</name><text>(  &lt;&gt; ("A") /\ ! ( &lt;&gt; ( ( "A" /\ X(&lt;&gt;("A")) ) ) ) )</text><parameters><parameter branchable="false" id="1" name="A"><graphical><style number="1"/><begin fill="false" style="0"/><middle fill="false" style="0"/><end fill="false" style="0"/></graphical></parameter></parameters><statemessages><message state="VIOLATED">VIOLATED undefined</message><message state="VIOLATED_TEMPORARY">VIOLATED_TEMPORARY undefined</message><message state="SATISFIED">SATISFIED undefined</message></statemessages></template><constraintparameters><parameter templateparameter="1"><branches><branch name="erfolgreiches Deployment sicherstellen"/></branches></parameter></constraintparameters></constraint><constraint id="12" mandatory="true"><condition/><name>exactly1</name><template><description>A has to happen exactly once.</description><display>1</display><name>exactly1</name><text>(  &lt;&gt; ("A") /\ ! ( &lt;&gt; ( ( "A" /\ X(&lt;&gt;("A")) ) ) ) )</text><parameters><parameter branchable="false" id="1" name="A"><graphical><style number="1"/><begin fill="false" style="0"/><middle fill="false" style="0"/><end fill="false" style="0"/></graphical></parameter></parameters><statemessages><message state="VIOLATED">VIOLATED undefined</message><message state="VIOLATED_TEMPORARY">VIOLATED_TEMPORARY undefined</message><message state="SATISFIED">SATISFIED undefined</message></statemessages></template><constraintparameters><parameter templateparameter="1"><branches><branch name="Release-Mitteilungen uebermitteln"/></branches></parameter></constraintparameters></constraint><constraint id="13" mandatory="true"><condition/><name>absence2</name><template><description>A can happen at most once.</description><display>0..1</display><name>absence2</name><text>! ( &lt;&gt; ( ( "A" /\ X(&lt;&gt;("A")) ) ) )</text><parameters><parameter branchable="false" id="1" name="A"><graphical><style number="1"/><begin fill="false" style="0"/><middle fill="false" style="0"/><end fill="false" style="0"/></graphical></parameter></parameters><statemessages><message state="VIOLATED">VIOLATED undefined</message><message state="VIOLATED_TEMPORARY">VIOLATED_TEMPORARY undefined</message><message state="SATISFIED">SATISFIED undefined</message></statemessages></template><constraintparameters><parameter templateparameter="1"><branches><branch name="Backoutplan ausfuehren"/></branches></parameter></constraintparameters></constraint><constraint id="14" mandatory="true"><condition/><name>not succession</name><template><description>Before B there cannot be A and after A there cannot be B.</description><display>not succession</display><name>not succession</name><text>[]( ( "A" -&gt; !( &lt;&gt;( "B" ) ) ) )</text><parameters><parameter branchable="false" id="1" name="A"><graphical><style number="1"/><begin fill="true" style="5"/><middle fill="false" style="0"/><end fill="false" style="8"/></graphical></parameter><parameter branchable="true" id="2" name="B"><graphical><style number="1"/><begin fill="true" style="10"/><middle fill="false" style="0"/><end fill="false" style="0"/></graphical></parameter></parameters><statemessages><message state="VIOLATED">VIOLATED undefined</message><message state="VIOLATED_TEMPORARY">VIOLATED_TEMPORARY undefined</message><message state="SATISFIED">SATISFIED undefined</message></statemessages></template><constraintparameters><parameter templateparameter="1"><branches><branch name="Release-Mitteilungen uebermitteln"/></branches></parameter><parameter templateparameter="2"><branches><branch name="Backoutplan ausfuehren"/></branches></parameter></constraintparameters></constraint><constraint id="15" mandatory="true"><condition/><name>succession</name><template><description>response and precedence:
1. After every &lt;b&gt;Deploymentplan ausfuehren&lt;/b&gt; there has to be at least one &lt;b&gt;erfolgreiches Deployment sicherstellen&lt;/b&gt;.
and
2. &lt;b&gt;erfolgreiches Deployment sicherstellen&lt;/b&gt; has to be preceded by &lt;b&gt;Deploymentplan ausfuehren&lt;/b&gt;. &lt;b&gt;erfolgreiches Deployment sicherstellen&lt;/b&gt; can happen only after &lt;b&gt;Deploymentplan ausfuehren&lt;/b&gt; had happened.</description><display>succession</display><name>succession</name><text>( []( ( "A" -&gt; &lt;&gt;( "B" ) ) ) /\  ( !( (( "B.started" \/ "B.completed") \/ "B.cancelled" ) ) W "A" )   )</text><parameters><parameter branchable="true" id="1" name="A"><graphical><style number="1"/><begin fill="true" style="5"/><middle fill="false" style="0"/><end fill="false" style="0"/></graphical></parameter><parameter branchable="true" id="2" name="B"><graphical><style number="1"/><begin fill="true" style="10"/><middle fill="false" style="0"/><end fill="false" style="0"/></graphical></parameter></parameters><statemessages><message state="VIOLATED">&lt;html&gt;VIOLATED undefined&lt;/html&gt;</message><message state="VIOLATED_TEMPORARY">&lt;html&gt;VIOLATED_TEMPORARY undefined&lt;/html&gt;</message><message state="SATISFIED">&lt;html&gt;SATISFIED undefined&lt;/html&gt;</message></statemessages></template><constraintparameters><parameter templateparameter="1"><branches><branch name="Deploymentplan ausfuehren"/></branches></parameter><parameter templateparameter="2"><branches><branch name="erfolgreiches Deployment sicherstellen"/></branches></parameter></constraintparameters></constraint><constraint id="16" mandatory="true"><condition/><name>succession</name><template><description>response and precedence:
1. After every &lt;b&gt;erfolgreiches Deployment sicherstellen&lt;/b&gt; there has to be at least one &lt;b&gt;Release-Mitteilungen uebermitteln&lt;/b&gt;.
and
2. &lt;b&gt;Release-Mitteilungen uebermitteln&lt;/b&gt; has to be preceded by &lt;b&gt;erfolgreiches Deployment sicherstellen&lt;/b&gt;. &lt;b&gt;Release-Mitteilungen uebermitteln&lt;/b&gt; can happen only after &lt;b&gt;erfolgreiches Deployment sicherstellen&lt;/b&gt; had happened.</description><display>succession</display><name>succession</name><text>( []( ( "A" -&gt; &lt;&gt;( "B" ) ) ) /\  ( !( (( "B.started" \/ "B.completed") \/ "B.cancelled" ) ) W "A" )   )</text><parameters><parameter branchable="true" id="1" name="A"><graphical><style number="1"/><begin fill="true" style="5"/><middle fill="false" style="0"/><end fill="false" style="0"/></graphical></parameter><parameter branchable="true" id="2" name="B"><graphical><style number="1"/><begin fill="true" style="10"/><middle fill="false" style="0"/><end fill="false" style="0"/></graphical></parameter></parameters><statemessages><message state="VIOLATED">&lt;html&gt;VIOLATED undefined&lt;/html&gt;</message><message state="VIOLATED_TEMPORARY">&lt;html&gt;VIOLATED_TEMPORARY undefined&lt;/html&gt;</message><message state="SATISFIED">&lt;html&gt;SATISFIED undefined&lt;/html&gt;</message></statemessages></template><constraintparameters><parameter templateparameter="1"><branches><branch name="erfolgreiches Deployment sicherstellen"/></branches></parameter><parameter templateparameter="2"><branches><branch name="Release-Mitteilungen uebermitteln"/></branches></parameter></constraintparameters></constraint><constraint id="17" mandatory="true"><condition/><name>succession</name><template><description>response and precedence:
1. After every &lt;b&gt;Release zusammenstellen&lt;/b&gt; there has to be at least one &lt;b&gt;Deploymentplan ausfuehren&lt;/b&gt;.
and
2. &lt;b&gt;Deploymentplan ausfuehren&lt;/b&gt; has to be preceded by &lt;b&gt;Release zusammenstellen&lt;/b&gt;. &lt;b&gt;Deploymentplan ausfuehren&lt;/b&gt; can happen only after &lt;b&gt;Release zusammenstellen&lt;/b&gt; had happened.</description><display>succession</display><name>succession</name><text>( []( ( "A" -&gt; &lt;&gt;( "B" ) ) ) /\  ( !( (( "B.started" \/ "B.completed") \/ "B.cancelled" ) ) W "A" )   )</text><parameters><parameter branchable="true" id="1" name="A"><graphical><style number="1"/><begin fill="true" style="5"/><middle fill="false" style="0"/><end fill="false" style="0"/></graphical></parameter><parameter branchable="true" id="2" name="B"><graphical><style number="1"/><begin fill="true" style="10"/><middle fill="false" style="0"/><end fill="false" style="0"/></graphical></parameter></parameters><statemessages><message state="VIOLATED">&lt;html&gt;VIOLATED undefined&lt;/html&gt;</message><message state="VIOLATED_TEMPORARY">&lt;html&gt;VIOLATED_TEMPORARY undefined&lt;/html&gt;</message><message state="SATISFIED">&lt;html&gt;SATISFIED undefined&lt;/html&gt;</message></statemessages></template><constraintparameters><parameter templateparameter="1"><branches><branch name="Release zusammenstellen"/></branches></parameter><parameter templateparameter="2"><branches><branch name="Deploymentplan ausfuehren"/></branches></parameter></constraintparameters></constraint><constraint id="18" mandatory="true"><condition/><name>init</name><template><description>Each instance has to start with execution of &lt;b&gt;Release zusammenstellen&lt;/b&gt;.</description><display>init</display><name>init</name><text>( ( "A.started" \/ "A.cancelled" ) W  "A" )</text><parameters><parameter branchable="false" id="1" name="A"><graphical><style number="1"/><begin fill="false" style="0"/><middle fill="false" style="0"/><end fill="false" style="0"/></graphical></parameter></parameters><statemessages><message state="VIOLATED">&lt;html&gt;This constraint is violated because the first executed task 
in this instance was not "A".  &lt;/html&gt;</message><message state="VIOLATED_TEMPORARY">&lt;html&gt;This should never happen!&lt;/html&gt;</message><message state="SATISFIED">&lt;html&gt;This constraint is satisfied because either:
&lt;ul&gt;
&lt;li&gt;none of the tasks in this instance were executed yet, or&lt;/li&gt;
&lt;li&gt;the first executed task is &amp;quot;A&amp;quot;.&lt;/li&gt;
&lt;/ul&gt;&lt;/html&gt;</message></statemessages></template><constraintparameters><parameter templateparameter="1"><branches><branch name="Release zusammenstellen"/></branches></parameter></constraintparameters></constraint><constraint id="19" mandatory="true"><condition/><name>exactly1</name><template><description>A has to happen exactly once.</description><display>1</display><name>exactly1</name><text>(  &lt;&gt; ("A") /\ ! ( &lt;&gt; ( ( "A" /\ X(&lt;&gt;("A")) ) ) ) )</text><parameters><parameter branchable="false" id="1" name="A"><graphical><style number="1"/><begin fill="false" style="0"/><middle fill="false" style="0"/><end fill="false" style="0"/></graphical></parameter></parameters><statemessages><message state="VIOLATED">VIOLATED undefined</message><message state="VIOLATED_TEMPORARY">VIOLATED_TEMPORARY undefined</message><message state="SATISFIED">SATISFIED undefined</message></statemessages></template><constraintparameters><parameter templateparameter="1"><branches><branch name="Release zusammenstellen"/></branches></parameter></constraintparameters></constraint></constraintdefinitions><data/><team/><graphical><activities><cell height="55.0" id="1" width="268.0" x="35.0" y="322.0"/><cell height="56.0" id="2" width="268.0" x="436.0" y="324.0"/><cell height="55.0" id="3" width="268.0" x="436.0" y="127.0"/><cell height="53.0" id="4" width="269.0" x="823.0" y="129.0"/><cell height="55.0" id="5" width="269.0" x="30.0" y="128.0"/></activities><constraints><cell height="1.0" id="3" width="1.0" x="706.0" y="153.0"/><cell height="1.0" id="14" width="1.0" x="568.0" y="45.0"/><cell height="1.0" id="15" width="1.0" x="570.0" y="252.0"/><cell height="1.0" id="16" width="1.0" x="367.0" y="154.0"/><cell height="1.0" id="17" width="1.0" x="369.0" y="350.0"/></constraints></graphical></assignment></model>