<?xml version="1.0" encoding="UTF-8" standalone="no"?><model><assignment language="ConDec" name="new model"><activitydefinitions><activity id="1" name="Produktdokumentation entwickeln"><authorization/><datamodel/></activity><activity id="2" name="Benutzerdokumentation entwickeln"><authorization/><datamodel/></activity><activity id="3" name="Unterstuetzungsdokumentation entwickeln"><authorization/><datamodel/></activity><activity id="4" name="Trainingmaterial entwickeln"><authorization/><datamodel/></activity></activitydefinitions><constraintdefinitions><constraint id="10" mandatory="true"><condition/><name>exactly1</name><template><description>A has to happen exactly once.</description><display>1</display><name>exactly1</name><text>(  &lt;&gt; ("A") /\ ! ( &lt;&gt; ( ( "A" /\ X(&lt;&gt;("A")) ) ) ) )</text><parameters><parameter branchable="false" id="1" name="A"><graphical><style number="1"/><begin fill="false" style="0"/><middle fill="false" style="0"/><end fill="false" style="0"/></graphical></parameter></parameters><statemessages><message state="VIOLATED">VIOLATED undefined</message><message state="VIOLATED_TEMPORARY">VIOLATED_TEMPORARY undefined</message><message state="SATISFIED">SATISFIED undefined</message></statemessages></template><constraintparameters><parameter templateparameter="1"><branches><branch name="Produktdokumentation entwickeln"/></branches></parameter></constraintparameters></constraint><constraint id="11" mandatory="true"><condition/><name>init</name><template><description>Each instance has to start with execution of &lt;b&gt;Produktdokumentation entwickeln&lt;/b&gt;.</description><display>init</display><name>init</name><text>( ( "A.started" \/ "A.cancelled" ) W  "A" )</text><parameters><parameter branchable="false" id="1" name="A"><graphical><style number="1"/><begin fill="false" style="0"/><middle fill="false" style="0"/><end fill="false" style="0"/></graphical></parameter></parameters><statemessages><message state="VIOLATED">&lt;html&gt;This constraint is violated because the first executed task 
in this instance was not "A".  &lt;/html&gt;</message><message state="VIOLATED_TEMPORARY">&lt;html&gt;This should never happen!&lt;/html&gt;</message><message state="SATISFIED">&lt;html&gt;This constraint is satisfied because either:
&lt;ul&gt;
&lt;li&gt;none of the tasks in this instance were executed yet, or&lt;/li&gt;
&lt;li&gt;the first executed task is &amp;quot;A&amp;quot;.&lt;/li&gt;
&lt;/ul&gt;&lt;/html&gt;</message></statemessages></template><constraintparameters><parameter templateparameter="1"><branches><branch name="Produktdokumentation entwickeln"/></branches></parameter></constraintparameters></constraint><constraint id="12" mandatory="true"><condition/><name>exactly1</name><template><description>A has to happen exactly once.</description><display>1</display><name>exactly1</name><text>(  &lt;&gt; ("A") /\ ! ( &lt;&gt; ( ( "A" /\ X(&lt;&gt;("A")) ) ) ) )</text><parameters><parameter branchable="false" id="1" name="A"><graphical><style number="1"/><begin fill="false" style="0"/><middle fill="false" style="0"/><end fill="false" style="0"/></graphical></parameter></parameters><statemessages><message state="VIOLATED">VIOLATED undefined</message><message state="VIOLATED_TEMPORARY">VIOLATED_TEMPORARY undefined</message><message state="SATISFIED">SATISFIED undefined</message></statemessages></template><constraintparameters><parameter templateparameter="1"><branches><branch name="Benutzerdokumentation entwickeln"/></branches></parameter></constraintparameters></constraint><constraint id="14" mandatory="true"><condition/><name>exactly1</name><template><description>A has to happen exactly once.</description><display>1</display><name>exactly1</name><text>(  &lt;&gt; ("A") /\ ! ( &lt;&gt; ( ( "A" /\ X(&lt;&gt;("A")) ) ) ) )</text><parameters><parameter branchable="false" id="1" name="A"><graphical><style number="1"/><begin fill="false" style="0"/><middle fill="false" style="0"/><end fill="false" style="0"/></graphical></parameter></parameters><statemessages><message state="VIOLATED">VIOLATED undefined</message><message state="VIOLATED_TEMPORARY">VIOLATED_TEMPORARY undefined</message><message state="SATISFIED">SATISFIED undefined</message></statemessages></template><constraintparameters><parameter templateparameter="1"><branches><branch name="Trainingmaterial entwickeln"/></branches></parameter></constraintparameters></constraint><constraint id="15" mandatory="true"><condition/><name>exactly1</name><template><description>A has to happen exactly once.</description><display>1</display><name>exactly1</name><text>(  &lt;&gt; ("A") /\ ! ( &lt;&gt; ( ( "A" /\ X(&lt;&gt;("A")) ) ) ) )</text><parameters><parameter branchable="false" id="1" name="A"><graphical><style number="1"/><begin fill="false" style="0"/><middle fill="false" style="0"/><end fill="false" style="0"/></graphical></parameter></parameters><statemessages><message state="VIOLATED">VIOLATED undefined</message><message state="VIOLATED_TEMPORARY">VIOLATED_TEMPORARY undefined</message><message state="SATISFIED">SATISFIED undefined</message></statemessages></template><constraintparameters><parameter templateparameter="1"><branches><branch name="Unterstuetzungsdokumentation entwickeln"/></branches></parameter></constraintparameters></constraint><constraint id="16" mandatory="true"><condition/><name>succession</name><template><description>response and precedence:
1. After every &lt;b&gt;Produktdokumentation entwickeln&lt;/b&gt; there has to be at least one &lt;b&gt;Benutzerdokumentation entwickeln&lt;/b&gt;.
and
2. &lt;b&gt;Benutzerdokumentation entwickeln&lt;/b&gt; has to be preceded by &lt;b&gt;Produktdokumentation entwickeln&lt;/b&gt;. &lt;b&gt;Benutzerdokumentation entwickeln&lt;/b&gt; can happen only after &lt;b&gt;Produktdokumentation entwickeln&lt;/b&gt; had happened.</description><display>succession</display><name>succession</name><text>( []( ( "A" -&gt; &lt;&gt;( "B" ) ) ) /\  ( !( (( "B.started" \/ "B.completed") \/ "B.cancelled" ) ) W "A" )   )</text><parameters><parameter branchable="true" id="1" name="A"><graphical><style number="1"/><begin fill="true" style="5"/><middle fill="false" style="0"/><end fill="false" style="0"/></graphical></parameter><parameter branchable="true" id="2" name="B"><graphical><style number="1"/><begin fill="true" style="10"/><middle fill="false" style="0"/><end fill="false" style="0"/></graphical></parameter></parameters><statemessages><message state="VIOLATED">&lt;html&gt;VIOLATED undefined&lt;/html&gt;</message><message state="VIOLATED_TEMPORARY">&lt;html&gt;VIOLATED_TEMPORARY undefined&lt;/html&gt;</message><message state="SATISFIED">&lt;html&gt;SATISFIED undefined&lt;/html&gt;</message></statemessages></template><constraintparameters><parameter templateparameter="1"><branches><branch name="Produktdokumentation entwickeln"/></branches></parameter><parameter templateparameter="2"><branches><branch name="Benutzerdokumentation entwickeln"/></branches></parameter></constraintparameters></constraint><constraint id="17" mandatory="true"><condition/><name>succession</name><template><description>response and precedence:
1. After every &lt;b&gt;Benutzerdokumentation entwickeln&lt;/b&gt; there has to be at least one &lt;b&gt;Unterstuetzungsdokumentation entwickeln&lt;/b&gt;.
and
2. &lt;b&gt;Unterstuetzungsdokumentation entwickeln&lt;/b&gt; has to be preceded by &lt;b&gt;Benutzerdokumentation entwickeln&lt;/b&gt;. &lt;b&gt;Unterstuetzungsdokumentation entwickeln&lt;/b&gt; can happen only after &lt;b&gt;Benutzerdokumentation entwickeln&lt;/b&gt; had happened.</description><display>succession</display><name>succession</name><text>( []( ( "A" -&gt; &lt;&gt;( "B" ) ) ) /\  ( !( (( "B.started" \/ "B.completed") \/ "B.cancelled" ) ) W "A" )   )</text><parameters><parameter branchable="true" id="1" name="A"><graphical><style number="1"/><begin fill="true" style="5"/><middle fill="false" style="0"/><end fill="false" style="0"/></graphical></parameter><parameter branchable="true" id="2" name="B"><graphical><style number="1"/><begin fill="true" style="10"/><middle fill="false" style="0"/><end fill="false" style="0"/></graphical></parameter></parameters><statemessages><message state="VIOLATED">&lt;html&gt;VIOLATED undefined&lt;/html&gt;</message><message state="VIOLATED_TEMPORARY">&lt;html&gt;VIOLATED_TEMPORARY undefined&lt;/html&gt;</message><message state="SATISFIED">&lt;html&gt;SATISFIED undefined&lt;/html&gt;</message></statemessages></template><constraintparameters><parameter templateparameter="1"><branches><branch name="Benutzerdokumentation entwickeln"/></branches></parameter><parameter templateparameter="2"><branches><branch name="Unterstuetzungsdokumentation entwickeln"/></branches></parameter></constraintparameters></constraint><constraint id="18" mandatory="true"><condition/><name>succession</name><template><description>response and precedence:
1. After every &lt;b&gt;Unterstuetzungsdokumentation entwickeln&lt;/b&gt; there has to be at least one &lt;b&gt;Trainingmaterial entwickeln&lt;/b&gt;.
and
2. &lt;b&gt;Trainingmaterial entwickeln&lt;/b&gt; has to be preceded by &lt;b&gt;Unterstuetzungsdokumentation entwickeln&lt;/b&gt;. &lt;b&gt;Trainingmaterial entwickeln&lt;/b&gt; can happen only after &lt;b&gt;Unterstuetzungsdokumentation entwickeln&lt;/b&gt; had happened.</description><display>succession</display><name>succession</name><text>( []( ( "A" -&gt; &lt;&gt;( "B" ) ) ) /\  ( !( (( "B.started" \/ "B.completed") \/ "B.cancelled" ) ) W "A" )   )</text><parameters><parameter branchable="true" id="1" name="A"><graphical><style number="1"/><begin fill="true" style="5"/><middle fill="false" style="0"/><end fill="false" style="0"/></graphical></parameter><parameter branchable="true" id="2" name="B"><graphical><style number="1"/><begin fill="true" style="10"/><middle fill="false" style="0"/><end fill="false" style="0"/></graphical></parameter></parameters><statemessages><message state="VIOLATED">&lt;html&gt;VIOLATED undefined&lt;/html&gt;</message><message state="VIOLATED_TEMPORARY">&lt;html&gt;VIOLATED_TEMPORARY undefined&lt;/html&gt;</message><message state="SATISFIED">&lt;html&gt;SATISFIED undefined&lt;/html&gt;</message></statemessages></template><constraintparameters><parameter templateparameter="1"><branches><branch name="Unterstuetzungsdokumentation entwickeln"/></branches></parameter><parameter templateparameter="2"><branches><branch name="Trainingmaterial entwickeln"/></branches></parameter></constraintparameters></constraint></constraintdefinitions><data/><team/><graphical><activities><cell height="42.0" id="1" width="233.0" x="65.0" y="45.0"/><cell height="42.0" id="2" width="242.0" x="432.0" y="47.0"/><cell height="41.0" id="3" width="283.0" x="411.0" y="194.0"/><cell height="41.0" id="4" width="201.0" x="68.0" y="194.0"/></activities><constraints><cell height="1.0" id="16" width="1.0" x="363.0" y="68.0"/><cell height="1.0" id="17" width="1.0" x="551.0" y="130.0"/><cell height="1.0" id="18" width="1.0" x="358.0" y="212.0"/></constraints></graphical></assignment></model>