<?xml version="1.0" encoding="UTF-8" standalone="no"?><model><assignment language="ConDec" name="new model"><activitydefinitions><activity id="1" name="Iteration planen"><authorization/><datamodel/></activity><activity id="2" name="Iteration managen"><authorization/><datamodel/></activity><activity id="3" name="Umgebung vorbereiten"><authorization/><datamodel/></activity><activity id="4" name="Ergebnisse festlegen"><authorization/><datamodel/></activity><activity id="5" name="Arbeitsaufgaben aussuchen"><authorization/><datamodel/></activity><activity id="6" name="Arbeitsaufgaben in Entwicklungsaufgaben einteilen"><authorization/><datamodel/></activity><activity id="7" name="Aufwand abschaetzen"><authorization/><datamodel/></activity><activity id="8" name="Prozess massschneidern"><authorization/><datamodel/></activity><activity id="9" name="Prozess deployen"><authorization/><datamodel/></activity><activity id="10" name="Tools aufsetzen"><authorization/><datamodel/></activity><activity id="11" name="Tool-Konfiguration und Implementation verifizieren"><authorization/><datamodel/></activity></activitydefinitions><constraintdefinitions><constraint id="54" mandatory="true"><condition/><name>succession</name><template><description>response and precedence:
1. After every &lt;b&gt;Prozess massschneidern&lt;/b&gt; there has to be at least one &lt;b&gt;Prozess deployen&lt;/b&gt;.
and
2. &lt;b&gt;Prozess deployen&lt;/b&gt; has to be preceded by &lt;b&gt;Prozess massschneidern&lt;/b&gt;. &lt;b&gt;Prozess deployen&lt;/b&gt; can happen only after &lt;b&gt;Prozess massschneidern&lt;/b&gt; had happened.</description><display>succession</display><name>succession</name><text>( []( ( "A" -&gt; &lt;&gt;( "B" ) ) ) /\  ( !( (( "B.started" \/ "B.completed") \/ "B.cancelled" ) ) W "A" )   )</text><parameters><parameter branchable="true" id="1" name="A"><graphical><style number="1"/><begin fill="true" style="5"/><middle fill="false" style="0"/><end fill="false" style="0"/></graphical></parameter><parameter branchable="true" id="2" name="B"><graphical><style number="1"/><begin fill="true" style="10"/><middle fill="false" style="0"/><end fill="false" style="0"/></graphical></parameter></parameters><statemessages><message state="VIOLATED">&lt;html&gt;VIOLATED undefined&lt;/html&gt;</message><message state="VIOLATED_TEMPORARY">&lt;html&gt;VIOLATED_TEMPORARY undefined&lt;/html&gt;</message><message state="SATISFIED">&lt;html&gt;SATISFIED undefined&lt;/html&gt;</message></statemessages></template><constraintparameters><parameter templateparameter="1"><branches><branch name="Prozess massschneidern"/></branches></parameter><parameter templateparameter="2"><branches><branch name="Prozess deployen"/></branches></parameter></constraintparameters></constraint><constraint id="55" mandatory="true"><condition/><name>succession</name><template><description>response and precedence:
1. After every &lt;b&gt;Prozess deployen&lt;/b&gt; there has to be at least one &lt;b&gt;Iteration managen&lt;/b&gt;.
and
2. &lt;b&gt;Iteration managen&lt;/b&gt; has to be preceded by &lt;b&gt;Prozess deployen&lt;/b&gt;. &lt;b&gt;Iteration managen&lt;/b&gt; can happen only after &lt;b&gt;Prozess deployen&lt;/b&gt; had happened.</description><display>succession</display><name>succession</name><text>( []( ( "A" -&gt; &lt;&gt;( "B" ) ) ) /\  ( !( (( "B.started" \/ "B.completed") \/ "B.cancelled" ) ) W "A" )   )</text><parameters><parameter branchable="true" id="1" name="A"><graphical><style number="1"/><begin fill="true" style="5"/><middle fill="false" style="0"/><end fill="false" style="0"/></graphical></parameter><parameter branchable="true" id="2" name="B"><graphical><style number="1"/><begin fill="true" style="10"/><middle fill="false" style="0"/><end fill="false" style="0"/></graphical></parameter></parameters><statemessages><message state="VIOLATED">&lt;html&gt;VIOLATED undefined&lt;/html&gt;</message><message state="VIOLATED_TEMPORARY">&lt;html&gt;VIOLATED_TEMPORARY undefined&lt;/html&gt;</message><message state="SATISFIED">&lt;html&gt;SATISFIED undefined&lt;/html&gt;</message></statemessages></template><constraintparameters><parameter templateparameter="1"><branches><branch name="Prozess deployen"/></branches></parameter><parameter templateparameter="2"><branches><branch name="Iteration managen"/></branches></parameter></constraintparameters></constraint><constraint id="56" mandatory="true"><condition/><name>succession</name><template><description>response and precedence:
1. After every &lt;b&gt;Iteration managen&lt;/b&gt; there has to be at least one &lt;b&gt;Ergebnisse festlegen&lt;/b&gt;.
and
2. &lt;b&gt;Ergebnisse festlegen&lt;/b&gt; has to be preceded by &lt;b&gt;Iteration managen&lt;/b&gt;. &lt;b&gt;Ergebnisse festlegen&lt;/b&gt; can happen only after &lt;b&gt;Iteration managen&lt;/b&gt; had happened.</description><display>succession</display><name>succession</name><text>( []( ( "A" -&gt; &lt;&gt;( "B" ) ) ) /\  ( !( (( "B.started" \/ "B.completed") \/ "B.cancelled" ) ) W "A" )   )</text><parameters><parameter branchable="true" id="1" name="A"><graphical><style number="1"/><begin fill="true" style="5"/><middle fill="false" style="0"/><end fill="false" style="0"/></graphical></parameter><parameter branchable="true" id="2" name="B"><graphical><style number="1"/><begin fill="true" style="10"/><middle fill="false" style="0"/><end fill="false" style="0"/></graphical></parameter></parameters><statemessages><message state="VIOLATED">&lt;html&gt;VIOLATED undefined&lt;/html&gt;</message><message state="VIOLATED_TEMPORARY">&lt;html&gt;VIOLATED_TEMPORARY undefined&lt;/html&gt;</message><message state="SATISFIED">&lt;html&gt;SATISFIED undefined&lt;/html&gt;</message></statemessages></template><constraintparameters><parameter templateparameter="1"><branches><branch name="Iteration managen"/></branches></parameter><parameter templateparameter="2"><branches><branch name="Ergebnisse festlegen"/></branches></parameter></constraintparameters></constraint><constraint id="57" mandatory="true"><condition/><name>succession</name><template><description>response and precedence:
1. After every &lt;b&gt;Tool-Konfiguration und Implementation verifizieren&lt;/b&gt; there has to be at least one &lt;b&gt;Iteration managen&lt;/b&gt;.
and
2. &lt;b&gt;Iteration managen&lt;/b&gt; has to be preceded by &lt;b&gt;Tool-Konfiguration und Implementation verifizieren&lt;/b&gt;. &lt;b&gt;Iteration managen&lt;/b&gt; can happen only after &lt;b&gt;Tool-Konfiguration und Implementation verifizieren&lt;/b&gt; had happened.</description><display>succession</display><name>succession</name><text>( []( ( "A" -&gt; &lt;&gt;( "B" ) ) ) /\  ( !( (( "B.started" \/ "B.completed") \/ "B.cancelled" ) ) W "A" )   )</text><parameters><parameter branchable="true" id="1" name="A"><graphical><style number="1"/><begin fill="true" style="5"/><middle fill="false" style="0"/><end fill="false" style="0"/></graphical></parameter><parameter branchable="true" id="2" name="B"><graphical><style number="1"/><begin fill="true" style="10"/><middle fill="false" style="0"/><end fill="false" style="0"/></graphical></parameter></parameters><statemessages><message state="VIOLATED">&lt;html&gt;VIOLATED undefined&lt;/html&gt;</message><message state="VIOLATED_TEMPORARY">&lt;html&gt;VIOLATED_TEMPORARY undefined&lt;/html&gt;</message><message state="SATISFIED">&lt;html&gt;SATISFIED undefined&lt;/html&gt;</message></statemessages></template><constraintparameters><parameter templateparameter="1"><branches><branch name="Tool-Konfiguration und Implementation verifizieren"/></branches></parameter><parameter templateparameter="2"><branches><branch name="Iteration managen"/></branches></parameter></constraintparameters></constraint><constraint id="58" mandatory="true"><condition/><name>succession</name><template><description>response and precedence:
1. After every &lt;b&gt;Tools aufsetzen&lt;/b&gt; there has to be at least one &lt;b&gt;Tool-Konfiguration und Implementation verifizieren&lt;/b&gt;.
and
2. &lt;b&gt;Tool-Konfiguration und Implementation verifizieren&lt;/b&gt; has to be preceded by &lt;b&gt;Tools aufsetzen&lt;/b&gt;. &lt;b&gt;Tool-Konfiguration und Implementation verifizieren&lt;/b&gt; can happen only after &lt;b&gt;Tools aufsetzen&lt;/b&gt; had happened.</description><display>succession</display><name>succession</name><text>( []( ( "A" -&gt; &lt;&gt;( "B" ) ) ) /\  ( !( (( "B.started" \/ "B.completed") \/ "B.cancelled" ) ) W "A" )   )</text><parameters><parameter branchable="true" id="1" name="A"><graphical><style number="1"/><begin fill="true" style="5"/><middle fill="false" style="0"/><end fill="false" style="0"/></graphical></parameter><parameter branchable="true" id="2" name="B"><graphical><style number="1"/><begin fill="true" style="10"/><middle fill="false" style="0"/><end fill="false" style="0"/></graphical></parameter></parameters><statemessages><message state="VIOLATED">&lt;html&gt;VIOLATED undefined&lt;/html&gt;</message><message state="VIOLATED_TEMPORARY">&lt;html&gt;VIOLATED_TEMPORARY undefined&lt;/html&gt;</message><message state="SATISFIED">&lt;html&gt;SATISFIED undefined&lt;/html&gt;</message></statemessages></template><constraintparameters><parameter templateparameter="1"><branches><branch name="Tools aufsetzen"/></branches></parameter><parameter templateparameter="2"><branches><branch name="Tool-Konfiguration und Implementation verifizieren"/></branches></parameter></constraintparameters></constraint><constraint id="59" mandatory="true"><condition/><name>succession</name><template><description>response and precedence:
1. After every &lt;b&gt;Umgebung vorbereiten&lt;/b&gt; there has to be at least one &lt;b&gt;Tools aufsetzen&lt;/b&gt;.
and
2. &lt;b&gt;Tools aufsetzen&lt;/b&gt; has to be preceded by &lt;b&gt;Umgebung vorbereiten&lt;/b&gt;. &lt;b&gt;Tools aufsetzen&lt;/b&gt; can happen only after &lt;b&gt;Umgebung vorbereiten&lt;/b&gt; had happened.</description><display>succession</display><name>succession</name><text>( []( ( "A" -&gt; &lt;&gt;( "B" ) ) ) /\  ( !( (( "B.started" \/ "B.completed") \/ "B.cancelled" ) ) W "A" )   )</text><parameters><parameter branchable="true" id="1" name="A"><graphical><style number="1"/><begin fill="true" style="5"/><middle fill="false" style="0"/><end fill="false" style="0"/></graphical></parameter><parameter branchable="true" id="2" name="B"><graphical><style number="1"/><begin fill="true" style="10"/><middle fill="false" style="0"/><end fill="false" style="0"/></graphical></parameter></parameters><statemessages><message state="VIOLATED">&lt;html&gt;VIOLATED undefined&lt;/html&gt;</message><message state="VIOLATED_TEMPORARY">&lt;html&gt;VIOLATED_TEMPORARY undefined&lt;/html&gt;</message><message state="SATISFIED">&lt;html&gt;SATISFIED undefined&lt;/html&gt;</message></statemessages></template><constraintparameters><parameter templateparameter="1"><branches><branch name="Umgebung vorbereiten"/></branches></parameter><parameter templateparameter="2"><branches><branch name="Tools aufsetzen"/></branches></parameter></constraintparameters></constraint><constraint id="60" mandatory="true"><condition/><name>succession</name><template><description>response and precedence:
1. After every &lt;b&gt;Iteration planen&lt;/b&gt; there has to be at least one &lt;b&gt;Umgebung vorbereiten&lt;/b&gt;.
and
2. &lt;b&gt;Umgebung vorbereiten&lt;/b&gt; has to be preceded by &lt;b&gt;Iteration planen&lt;/b&gt;. &lt;b&gt;Umgebung vorbereiten&lt;/b&gt; can happen only after &lt;b&gt;Iteration planen&lt;/b&gt; had happened.</description><display>succession</display><name>succession</name><text>( []( ( "A" -&gt; &lt;&gt;( "B" ) ) ) /\  ( !( (( "B.started" \/ "B.completed") \/ "B.cancelled" ) ) W "A" )   )</text><parameters><parameter branchable="true" id="1" name="A"><graphical><style number="1"/><begin fill="true" style="5"/><middle fill="false" style="0"/><end fill="false" style="0"/></graphical></parameter><parameter branchable="true" id="2" name="B"><graphical><style number="1"/><begin fill="true" style="10"/><middle fill="false" style="0"/><end fill="false" style="0"/></graphical></parameter></parameters><statemessages><message state="VIOLATED">&lt;html&gt;VIOLATED undefined&lt;/html&gt;</message><message state="VIOLATED_TEMPORARY">&lt;html&gt;VIOLATED_TEMPORARY undefined&lt;/html&gt;</message><message state="SATISFIED">&lt;html&gt;SATISFIED undefined&lt;/html&gt;</message></statemessages></template><constraintparameters><parameter templateparameter="1"><branches><branch name="Iteration planen"/></branches></parameter><parameter templateparameter="2"><branches><branch name="Umgebung vorbereiten"/></branches></parameter></constraintparameters></constraint><constraint id="61" mandatory="true"><condition/><name>succession</name><template><description>response and precedence:
1. After every &lt;b&gt;Umgebung vorbereiten&lt;/b&gt; there has to be at least one &lt;b&gt;Prozess massschneidern&lt;/b&gt;.
and
2. &lt;b&gt;Prozess massschneidern&lt;/b&gt; has to be preceded by &lt;b&gt;Umgebung vorbereiten&lt;/b&gt;. &lt;b&gt;Prozess massschneidern&lt;/b&gt; can happen only after &lt;b&gt;Umgebung vorbereiten&lt;/b&gt; had happened.</description><display>succession</display><name>succession</name><text>( []( ( "A" -&gt; &lt;&gt;( "B" ) ) ) /\  ( !( (( "B.started" \/ "B.completed") \/ "B.cancelled" ) ) W "A" )   )</text><parameters><parameter branchable="true" id="1" name="A"><graphical><style number="1"/><begin fill="true" style="5"/><middle fill="false" style="0"/><end fill="false" style="0"/></graphical></parameter><parameter branchable="true" id="2" name="B"><graphical><style number="1"/><begin fill="true" style="10"/><middle fill="false" style="0"/><end fill="false" style="0"/></graphical></parameter></parameters><statemessages><message state="VIOLATED">&lt;html&gt;VIOLATED undefined&lt;/html&gt;</message><message state="VIOLATED_TEMPORARY">&lt;html&gt;VIOLATED_TEMPORARY undefined&lt;/html&gt;</message><message state="SATISFIED">&lt;html&gt;SATISFIED undefined&lt;/html&gt;</message></statemessages></template><constraintparameters><parameter templateparameter="1"><branches><branch name="Umgebung vorbereiten"/></branches></parameter><parameter templateparameter="2"><branches><branch name="Prozess massschneidern"/></branches></parameter></constraintparameters></constraint><constraint id="62" mandatory="true"><condition/><name>succession</name><template><description>response and precedence:
1. After every &lt;b&gt;Arbeitsaufgaben aussuchen&lt;/b&gt; there has to be at least one &lt;b&gt;Arbeitsaufgaben in Entwicklungsaufgaben einteilen&lt;/b&gt;.
and
2. &lt;b&gt;Arbeitsaufgaben in Entwicklungsaufgaben einteilen&lt;/b&gt; has to be preceded by &lt;b&gt;Arbeitsaufgaben aussuchen&lt;/b&gt;. &lt;b&gt;Arbeitsaufgaben in Entwicklungsaufgaben einteilen&lt;/b&gt; can happen only after &lt;b&gt;Arbeitsaufgaben aussuchen&lt;/b&gt; had happened.</description><display>succession</display><name>succession</name><text>( []( ( "A" -&gt; &lt;&gt;( "B" ) ) ) /\  ( !( (( "B.started" \/ "B.completed") \/ "B.cancelled" ) ) W "A" )   )</text><parameters><parameter branchable="true" id="1" name="A"><graphical><style number="1"/><begin fill="true" style="5"/><middle fill="false" style="0"/><end fill="false" style="0"/></graphical></parameter><parameter branchable="true" id="2" name="B"><graphical><style number="1"/><begin fill="true" style="10"/><middle fill="false" style="0"/><end fill="false" style="0"/></graphical></parameter></parameters><statemessages><message state="VIOLATED">&lt;html&gt;VIOLATED undefined&lt;/html&gt;</message><message state="VIOLATED_TEMPORARY">&lt;html&gt;VIOLATED_TEMPORARY undefined&lt;/html&gt;</message><message state="SATISFIED">&lt;html&gt;SATISFIED undefined&lt;/html&gt;</message></statemessages></template><constraintparameters><parameter templateparameter="1"><branches><branch name="Arbeitsaufgaben aussuchen"/></branches></parameter><parameter templateparameter="2"><branches><branch name="Arbeitsaufgaben in Entwicklungsaufgaben einteilen"/></branches></parameter></constraintparameters></constraint><constraint id="63" mandatory="true"><condition/><name>succession</name><template><description>response and precedence:
1. After every &lt;b&gt;Arbeitsaufgaben in Entwicklungsaufgaben einteilen&lt;/b&gt; there has to be at least one &lt;b&gt;Aufwand abschaetzen&lt;/b&gt;.
and
2. &lt;b&gt;Aufwand abschaetzen&lt;/b&gt; has to be preceded by &lt;b&gt;Arbeitsaufgaben in Entwicklungsaufgaben einteilen&lt;/b&gt;. &lt;b&gt;Aufwand abschaetzen&lt;/b&gt; can happen only after &lt;b&gt;Arbeitsaufgaben in Entwicklungsaufgaben einteilen&lt;/b&gt; had happened.</description><display>succession</display><name>succession</name><text>( []( ( "A" -&gt; &lt;&gt;( "B" ) ) ) /\  ( !( (( "B.started" \/ "B.completed") \/ "B.cancelled" ) ) W "A" )   )</text><parameters><parameter branchable="true" id="1" name="A"><graphical><style number="1"/><begin fill="true" style="5"/><middle fill="false" style="0"/><end fill="false" style="0"/></graphical></parameter><parameter branchable="true" id="2" name="B"><graphical><style number="1"/><begin fill="true" style="10"/><middle fill="false" style="0"/><end fill="false" style="0"/></graphical></parameter></parameters><statemessages><message state="VIOLATED">&lt;html&gt;VIOLATED undefined&lt;/html&gt;</message><message state="VIOLATED_TEMPORARY">&lt;html&gt;VIOLATED_TEMPORARY undefined&lt;/html&gt;</message><message state="SATISFIED">&lt;html&gt;SATISFIED undefined&lt;/html&gt;</message></statemessages></template><constraintparameters><parameter templateparameter="1"><branches><branch name="Arbeitsaufgaben in Entwicklungsaufgaben einteilen"/></branches></parameter><parameter templateparameter="2"><branches><branch name="Aufwand abschaetzen"/></branches></parameter></constraintparameters></constraint><constraint id="64" mandatory="true"><condition/><name>exactly1</name><template><description>A has to happen exactly once.</description><display>1</display><name>exactly1</name><text>(  &lt;&gt; ("A") /\ ! ( &lt;&gt; ( ( "A" /\ X(&lt;&gt;("A")) ) ) ) )</text><parameters><parameter branchable="false" id="1" name="A"><graphical><style number="1"/><begin fill="false" style="0"/><middle fill="false" style="0"/><end fill="false" style="0"/></graphical></parameter></parameters><statemessages><message state="VIOLATED">VIOLATED undefined</message><message state="VIOLATED_TEMPORARY">VIOLATED_TEMPORARY undefined</message><message state="SATISFIED">SATISFIED undefined</message></statemessages></template><constraintparameters><parameter templateparameter="1"><branches><branch name="Iteration planen"/></branches></parameter></constraintparameters></constraint><constraint id="65" mandatory="true"><condition/><name>exactly1</name><template><description>A has to happen exactly once.</description><display>1</display><name>exactly1</name><text>(  &lt;&gt; ("A") /\ ! ( &lt;&gt; ( ( "A" /\ X(&lt;&gt;("A")) ) ) ) )</text><parameters><parameter branchable="false" id="1" name="A"><graphical><style number="1"/><begin fill="false" style="0"/><middle fill="false" style="0"/><end fill="false" style="0"/></graphical></parameter></parameters><statemessages><message state="VIOLATED">VIOLATED undefined</message><message state="VIOLATED_TEMPORARY">VIOLATED_TEMPORARY undefined</message><message state="SATISFIED">SATISFIED undefined</message></statemessages></template><constraintparameters><parameter templateparameter="1"><branches><branch name="Iteration managen"/></branches></parameter></constraintparameters></constraint><constraint id="66" mandatory="true"><condition/><name>exactly1</name><template><description>A has to happen exactly once.</description><display>1</display><name>exactly1</name><text>(  &lt;&gt; ("A") /\ ! ( &lt;&gt; ( ( "A" /\ X(&lt;&gt;("A")) ) ) ) )</text><parameters><parameter branchable="false" id="1" name="A"><graphical><style number="1"/><begin fill="false" style="0"/><middle fill="false" style="0"/><end fill="false" style="0"/></graphical></parameter></parameters><statemessages><message state="VIOLATED">VIOLATED undefined</message><message state="VIOLATED_TEMPORARY">VIOLATED_TEMPORARY undefined</message><message state="SATISFIED">SATISFIED undefined</message></statemessages></template><constraintparameters><parameter templateparameter="1"><branches><branch name="Umgebung vorbereiten"/></branches></parameter></constraintparameters></constraint><constraint id="67" mandatory="true"><condition/><name>exactly1</name><template><description>A has to happen exactly once.</description><display>1</display><name>exactly1</name><text>(  &lt;&gt; ("A") /\ ! ( &lt;&gt; ( ( "A" /\ X(&lt;&gt;("A")) ) ) ) )</text><parameters><parameter branchable="false" id="1" name="A"><graphical><style number="1"/><begin fill="false" style="0"/><middle fill="false" style="0"/><end fill="false" style="0"/></graphical></parameter></parameters><statemessages><message state="VIOLATED">VIOLATED undefined</message><message state="VIOLATED_TEMPORARY">VIOLATED_TEMPORARY undefined</message><message state="SATISFIED">SATISFIED undefined</message></statemessages></template><constraintparameters><parameter templateparameter="1"><branches><branch name="Ergebnisse festlegen"/></branches></parameter></constraintparameters></constraint><constraint id="68" mandatory="true"><condition/><name>exactly1</name><template><description>A has to happen exactly once.</description><display>1</display><name>exactly1</name><text>(  &lt;&gt; ("A") /\ ! ( &lt;&gt; ( ( "A" /\ X(&lt;&gt;("A")) ) ) ) )</text><parameters><parameter branchable="false" id="1" name="A"><graphical><style number="1"/><begin fill="false" style="0"/><middle fill="false" style="0"/><end fill="false" style="0"/></graphical></parameter></parameters><statemessages><message state="VIOLATED">VIOLATED undefined</message><message state="VIOLATED_TEMPORARY">VIOLATED_TEMPORARY undefined</message><message state="SATISFIED">SATISFIED undefined</message></statemessages></template><constraintparameters><parameter templateparameter="1"><branches><branch name="Arbeitsaufgaben aussuchen"/></branches></parameter></constraintparameters></constraint><constraint id="70" mandatory="true"><condition/><name>exactly1</name><template><description>A has to happen exactly once.</description><display>1</display><name>exactly1</name><text>(  &lt;&gt; ("A") /\ ! ( &lt;&gt; ( ( "A" /\ X(&lt;&gt;("A")) ) ) ) )</text><parameters><parameter branchable="false" id="1" name="A"><graphical><style number="1"/><begin fill="false" style="0"/><middle fill="false" style="0"/><end fill="false" style="0"/></graphical></parameter></parameters><statemessages><message state="VIOLATED">VIOLATED undefined</message><message state="VIOLATED_TEMPORARY">VIOLATED_TEMPORARY undefined</message><message state="SATISFIED">SATISFIED undefined</message></statemessages></template><constraintparameters><parameter templateparameter="1"><branches><branch name="Aufwand abschaetzen"/></branches></parameter></constraintparameters></constraint><constraint id="71" mandatory="true"><condition/><name>exactly1</name><template><description>A has to happen exactly once.</description><display>1</display><name>exactly1</name><text>(  &lt;&gt; ("A") /\ ! ( &lt;&gt; ( ( "A" /\ X(&lt;&gt;("A")) ) ) ) )</text><parameters><parameter branchable="false" id="1" name="A"><graphical><style number="1"/><begin fill="false" style="0"/><middle fill="false" style="0"/><end fill="false" style="0"/></graphical></parameter></parameters><statemessages><message state="VIOLATED">VIOLATED undefined</message><message state="VIOLATED_TEMPORARY">VIOLATED_TEMPORARY undefined</message><message state="SATISFIED">SATISFIED undefined</message></statemessages></template><constraintparameters><parameter templateparameter="1"><branches><branch name="Prozess massschneidern"/></branches></parameter></constraintparameters></constraint><constraint id="72" mandatory="true"><condition/><name>exactly1</name><template><description>A has to happen exactly once.</description><display>1</display><name>exactly1</name><text>(  &lt;&gt; ("A") /\ ! ( &lt;&gt; ( ( "A" /\ X(&lt;&gt;("A")) ) ) ) )</text><parameters><parameter branchable="false" id="1" name="A"><graphical><style number="1"/><begin fill="false" style="0"/><middle fill="false" style="0"/><end fill="false" style="0"/></graphical></parameter></parameters><statemessages><message state="VIOLATED">VIOLATED undefined</message><message state="VIOLATED_TEMPORARY">VIOLATED_TEMPORARY undefined</message><message state="SATISFIED">SATISFIED undefined</message></statemessages></template><constraintparameters><parameter templateparameter="1"><branches><branch name="Prozess deployen"/></branches></parameter></constraintparameters></constraint><constraint id="73" mandatory="true"><condition/><name>exactly1</name><template><description>A has to happen exactly once.</description><display>1</display><name>exactly1</name><text>(  &lt;&gt; ("A") /\ ! ( &lt;&gt; ( ( "A" /\ X(&lt;&gt;("A")) ) ) ) )</text><parameters><parameter branchable="false" id="1" name="A"><graphical><style number="1"/><begin fill="false" style="0"/><middle fill="false" style="0"/><end fill="false" style="0"/></graphical></parameter></parameters><statemessages><message state="VIOLATED">VIOLATED undefined</message><message state="VIOLATED_TEMPORARY">VIOLATED_TEMPORARY undefined</message><message state="SATISFIED">SATISFIED undefined</message></statemessages></template><constraintparameters><parameter templateparameter="1"><branches><branch name="Tools aufsetzen"/></branches></parameter></constraintparameters></constraint><constraint id="74" mandatory="true"><condition/><name>exactly1</name><template><description>A has to happen exactly once.</description><display>1</display><name>exactly1</name><text>(  &lt;&gt; ("A") /\ ! ( &lt;&gt; ( ( "A" /\ X(&lt;&gt;("A")) ) ) ) )</text><parameters><parameter branchable="false" id="1" name="A"><graphical><style number="1"/><begin fill="false" style="0"/><middle fill="false" style="0"/><end fill="false" style="0"/></graphical></parameter></parameters><statemessages><message state="VIOLATED">VIOLATED undefined</message><message state="VIOLATED_TEMPORARY">VIOLATED_TEMPORARY undefined</message><message state="SATISFIED">SATISFIED undefined</message></statemessages></template><constraintparameters><parameter templateparameter="1"><branches><branch name="Tool-Konfiguration und Implementation verifizieren"/></branches></parameter></constraintparameters></constraint><constraint id="75" mandatory="true"><condition/><name>exactly1</name><template><description>A has to happen exactly once.</description><display>1</display><name>exactly1</name><text>(  &lt;&gt; ("A") /\ ! ( &lt;&gt; ( ( "A" /\ X(&lt;&gt;("A")) ) ) ) )</text><parameters><parameter branchable="false" id="1" name="A"><graphical><style number="1"/><begin fill="false" style="0"/><middle fill="false" style="0"/><end fill="false" style="0"/></graphical></parameter></parameters><statemessages><message state="VIOLATED">VIOLATED undefined</message><message state="VIOLATED_TEMPORARY">VIOLATED_TEMPORARY undefined</message><message state="SATISFIED">SATISFIED undefined</message></statemessages></template><constraintparameters><parameter templateparameter="1"><branches><branch name="Arbeitsaufgaben in Entwicklungsaufgaben einteilen"/></branches></parameter></constraintparameters></constraint></constraintdefinitions><data/><team/><graphical><activities><cell height="51.0" id="1" width="234.0" x="40.0" y="367.0"/><cell height="52.0" id="2" width="340.0" x="828.0" y="152.0"/><cell height="52.0" id="3" width="218.0" x="49.0" y="200.0"/><cell height="49.0" id="4" width="337.0" x="1310.0" y="152.0"/><cell height="50.0" id="5" width="342.0" x="911.0" y="494.0"/><cell height="51.0" id="6" width="337.0" x="1448.0" y="496.0"/><cell height="52.0" id="7" width="342.0" x="1445.0" y="311.0"/><cell height="51.0" id="8" width="237.0" x="41.0" y="56.0"/><cell height="51.0" id="9" width="232.0" x="468.0" y="57.0"/><cell height="54.0" id="10" width="251.0" x="338.0" y="352.0"/><cell height="50.0" id="11" width="339.0" x="828.0" y="354.0"/></activities><constraints><cell height="1.0" id="54" width="1.0" x="370.0" y="83.0"/><cell height="1.0" id="55" width="1.0" x="583.0" y="177.0"/><cell height="1.0" id="56" width="1.0" x="1171.0" y="174.0"/><cell height="1.0" id="57" width="1.0" x="996.0" y="303.0"/><cell height="1.0" id="58" width="1.0" x="705.0" y="379.0"/><cell height="1.0" id="59" width="1.0" x="462.0" y="225.0"/><cell height="1.0" id="60" width="1.0" x="156.0" y="308.0"/><cell height="1.0" id="61" width="1.0" x="157.0" y="153.0"/><cell height="1.0" id="62" width="1.0" x="1349.0" y="520.0"/><cell height="1.0" id="63" width="1.0" x="1616.0" y="429.0"/></constraints></graphical></assignment></model>