<?xml version="1.0" encoding="UTF-8" standalone="no"?><model><assignment language="ConDec" name="new model"><activitydefinitions><activity id="2" name="Releaseplaene erstellen"><authorization><teamrole>5</teamrole></authorization><datamodel/></activity><activity id="4" name="Tasks abarbeiten"><authorization><teamrole>6</teamrole></authorization><datamodel/></activity><activity id="5" name="Scrum- Prozess managen"><authorization><teamrole>4</teamrole></authorization><datamodel/></activity><activity id="6" name="Product Backlog priorisieren"><authorization><teamrole>5</teamrole></authorization><datamodel/></activity><activity id="7" name="Sprint Backlog erstellen"><authorization><teamrole>5</teamrole></authorization><datamodel/></activity><activity id="8" name="Sprint-Backlog-Elemente in Tasks einteilen"><authorization><teamrole>6</teamrole></authorization><datamodel/></activity><activity id="9" name="Product Backlog abschaetzen"><authorization><teamrole>5</teamrole></authorization><datamodel/></activity><activity id="10" name="Sprint Rueckblick"><authorization><teamrole>4</teamrole><teamrole>5</teamrole><teamrole>6</teamrole></authorization><datamodel/></activity><activity id="11" name="Sprint Review Meeting"><authorization><teamrole>4</teamrole><teamrole>5</teamrole><teamrole>6</teamrole></authorization><datamodel/></activity><activity id="12" name="alle 2-4 Wochen Sprint-Planning-Meeting durchfuehren"><authorization/><datamodel/></activity><activity id="13" name="alle 24 Stunden 15-minuetiges Scrum-Meeting durchfuehren"><authorization/><datamodel/></activity><activity id="14" name="Anforderungen priorisieren"><authorization/><datamodel/></activity></activitydefinitions><constraintdefinitions><constraint id="15" mandatory="true"><condition/><name>exactly1</name><template><description>A has to happen exactly once.</description><display>1</display><name>exactly1</name><text>(  &lt;&gt; ("A") /\ ! ( &lt;&gt; ( ( "A" /\ X(&lt;&gt;("A")) ) ) ) )</text><parameters><parameter branchable="false" id="1" name="A"><graphical><style number="1"/><begin fill="false" style="0"/><middle fill="false" style="0"/><end fill="false" style="0"/></graphical></parameter></parameters><statemessages><message state="VIOLATED">VIOLATED undefined</message><message state="VIOLATED_TEMPORARY">VIOLATED_TEMPORARY undefined</message><message state="SATISFIED">SATISFIED undefined</message></statemessages></template><constraintparameters><parameter templateparameter="1"><branches><branch name="Product Backlog priorisieren"/></branches></parameter></constraintparameters></constraint><constraint id="17" mandatory="true"><condition/><name>exactly1</name><template><description>A has to happen exactly once.</description><display>1</display><name>exactly1</name><text>(  &lt;&gt; ("A") /\ ! ( &lt;&gt; ( ( "A" /\ X(&lt;&gt;("A")) ) ) ) )</text><parameters><parameter branchable="false" id="1" name="A"><graphical><style number="1"/><begin fill="false" style="0"/><middle fill="false" style="0"/><end fill="false" style="0"/></graphical></parameter></parameters><statemessages><message state="VIOLATED">VIOLATED undefined</message><message state="VIOLATED_TEMPORARY">VIOLATED_TEMPORARY undefined</message><message state="SATISFIED">SATISFIED undefined</message></statemessages></template><constraintparameters><parameter templateparameter="1"><branches><branch name="Releaseplaene erstellen"/></branches></parameter></constraintparameters></constraint><constraint id="25" mandatory="true"><condition/><name>alternate precedence</name><template><description>B cannot happen before A. After it happens, it can not happen before the next A again.</description><display>alternate precedence</display><name>alternate precedence</name><text>(  ( !( ( (  "B.started" \/  "B.completed" ) \/ "B.cancelled" ) ) W "A" )   /\ [] ( ( "B" -&gt;  X(  ( !(  ( (  "B.started" \/  "B.completed" ) \/ "B.cancelled" ) ) W "A" )  ) ) ) )</text><parameters><parameter branchable="true" id="1" name="A"><graphical><style number="2"/><begin fill="true" style="0"/><middle fill="false" style="0"/><end fill="false" style="0"/></graphical></parameter><parameter branchable="true" id="2" name="B"><graphical><style number="2"/><begin fill="true" style="10"/><middle fill="false" style="0"/><end fill="false" style="0"/></graphical></parameter></parameters><statemessages><message state="VIOLATED">VIOLATED undefined</message><message state="VIOLATED_TEMPORARY">VIOLATED_TEMPORARY undefined</message><message state="SATISFIED">SATISFIED undefined</message></statemessages></template><constraintparameters><parameter templateparameter="1"><branches><branch name="Sprint-Backlog-Elemente in Tasks einteilen"/></branches></parameter><parameter templateparameter="2"><branches><branch name="Sprint Rueckblick"/></branches></parameter></constraintparameters></constraint><constraint id="26" mandatory="true"><condition/><name>alternate precedence</name><template><description>B cannot happen before A. After it happens, it can not happen before the next A again.</description><display>alternate precedence</display><name>alternate precedence</name><text>(  ( !( ( (  "B.started" \/  "B.completed" ) \/ "B.cancelled" ) ) W "A" )   /\ [] ( ( "B" -&gt;  X(  ( !(  ( (  "B.started" \/  "B.completed" ) \/ "B.cancelled" ) ) W "A" )  ) ) ) )</text><parameters><parameter branchable="true" id="1" name="A"><graphical><style number="2"/><begin fill="true" style="0"/><middle fill="false" style="0"/><end fill="false" style="0"/></graphical></parameter><parameter branchable="true" id="2" name="B"><graphical><style number="2"/><begin fill="true" style="10"/><middle fill="false" style="0"/><end fill="false" style="0"/></graphical></parameter></parameters><statemessages><message state="VIOLATED">VIOLATED undefined</message><message state="VIOLATED_TEMPORARY">VIOLATED_TEMPORARY undefined</message><message state="SATISFIED">SATISFIED undefined</message></statemessages></template><constraintparameters><parameter templateparameter="1"><branches><branch name="Sprint Rueckblick"/></branches></parameter><parameter templateparameter="2"><branches><branch name="Sprint Review Meeting"/></branches></parameter></constraintparameters></constraint><constraint id="29" mandatory="true"><condition/><name>alternate precedence</name><template><description>B cannot happen before A. After it happens, it can not happen before the next A again.</description><display>alternate precedence</display><name>alternate precedence</name><text>(  ( !( ( (  "B.started" \/  "B.completed" ) \/ "B.cancelled" ) ) W "A" )   /\ [] ( ( "B" -&gt;  X(  ( !(  ( (  "B.started" \/  "B.completed" ) \/ "B.cancelled" ) ) W "A" )  ) ) ) )</text><parameters><parameter branchable="true" id="1" name="A"><graphical><style number="2"/><begin fill="true" style="0"/><middle fill="false" style="0"/><end fill="false" style="0"/></graphical></parameter><parameter branchable="true" id="2" name="B"><graphical><style number="2"/><begin fill="true" style="10"/><middle fill="false" style="0"/><end fill="false" style="0"/></graphical></parameter></parameters><statemessages><message state="VIOLATED">VIOLATED undefined</message><message state="VIOLATED_TEMPORARY">VIOLATED_TEMPORARY undefined</message><message state="SATISFIED">SATISFIED undefined</message></statemessages></template><constraintparameters><parameter templateparameter="1"><branches><branch name="Sprint Backlog erstellen"/></branches></parameter><parameter templateparameter="2"><branches><branch name="Sprint-Backlog-Elemente in Tasks einteilen"/></branches></parameter></constraintparameters></constraint><constraint id="31" mandatory="true"><condition/><name>chain response</name><template><description>After A the  next one has to be B.</description><display>chain response</display><name>chain response</name><text>[] ( ( "A"  -&gt; X( "B.started" ) ) )</text><parameters><parameter branchable="false" id="1" name="A"><graphical><style number="3"/><begin fill="true" style="5"/><middle fill="false" style="0"/><end fill="false" style="0"/></graphical></parameter><parameter branchable="false" id="2" name="B"><graphical><style number="3"/><begin fill="true" style="2"/><middle fill="false" style="0"/><end fill="false" style="0"/></graphical></parameter></parameters><statemessages><message state="VIOLATED">VIOLATED undefined</message><message state="VIOLATED_TEMPORARY">VIOLATED_TEMPORARY undefined</message><message state="SATISFIED">SATISFIED undefined</message></statemessages></template><constraintparameters><parameter templateparameter="1"><branches><branch name="Sprint Backlog erstellen"/></branches></parameter><parameter templateparameter="2"><branches><branch name="Sprint-Backlog-Elemente in Tasks einteilen"/></branches></parameter></constraintparameters></constraint><constraint id="32" mandatory="true"><condition/><name>chain response</name><template><description>After A the  next one has to be B.</description><display>chain response</display><name>chain response</name><text>[] ( ( "A"  -&gt; X( "B.started" ) ) )</text><parameters><parameter branchable="false" id="1" name="A"><graphical><style number="3"/><begin fill="true" style="5"/><middle fill="false" style="0"/><end fill="false" style="0"/></graphical></parameter><parameter branchable="false" id="2" name="B"><graphical><style number="3"/><begin fill="true" style="2"/><middle fill="false" style="0"/><end fill="false" style="0"/></graphical></parameter></parameters><statemessages><message state="VIOLATED">VIOLATED undefined</message><message state="VIOLATED_TEMPORARY">VIOLATED_TEMPORARY undefined</message><message state="SATISFIED">SATISFIED undefined</message></statemessages></template><constraintparameters><parameter templateparameter="1"><branches><branch name="Sprint-Backlog-Elemente in Tasks einteilen"/></branches></parameter><parameter templateparameter="2"><branches><branch name="Sprint Rueckblick"/></branches></parameter></constraintparameters></constraint><constraint id="33" mandatory="true"><condition/><name>chain response</name><template><description>After A the  next one has to be B.</description><display>chain response</display><name>chain response</name><text>[] ( ( "A"  -&gt; X( "B.started" ) ) )</text><parameters><parameter branchable="false" id="1" name="A"><graphical><style number="3"/><begin fill="true" style="5"/><middle fill="false" style="0"/><end fill="false" style="0"/></graphical></parameter><parameter branchable="false" id="2" name="B"><graphical><style number="3"/><begin fill="true" style="2"/><middle fill="false" style="0"/><end fill="false" style="0"/></graphical></parameter></parameters><statemessages><message state="VIOLATED">VIOLATED undefined</message><message state="VIOLATED_TEMPORARY">VIOLATED_TEMPORARY undefined</message><message state="SATISFIED">SATISFIED undefined</message></statemessages></template><constraintparameters><parameter templateparameter="1"><branches><branch name="Sprint Rueckblick"/></branches></parameter><parameter templateparameter="2"><branches><branch name="Sprint Review Meeting"/></branches></parameter></constraintparameters></constraint><constraint id="35" mandatory="true"><condition/><name>existence</name><template><description>&lt;b&gt;Scrum- Prozess managen&lt;/b&gt; has to be executed at least once.</description><display>1..*</display><name>existence</name><text>&lt;&gt; ( "A" )</text><parameters><parameter branchable="false" id="1" name="A"><graphical><style number="1"/><begin fill="false" style="0"/><middle fill="false" style="0"/><end fill="false" style="0"/></graphical></parameter></parameters><statemessages><message state="VIOLATED">&lt;html&gt;Task &amp;quot;A&amp;quot; has never been executed.&lt;/html&gt;</message><message state="VIOLATED_TEMPORARY">&lt;html&gt;
&lt;p&gt;Task &amp;quot;A&amp;quot; has not been executed yet. &lt;/p&gt;
&lt;p&gt;To satisfy this constraint you must execite task &amp;quot;A&amp;quot;.&lt;/p&gt;&lt;/html&gt;</message><message state="SATISFIED">&lt;html&gt;Task &amp;quot;A&amp;quot; has been executed at least one before.&lt;/html&gt;</message></statemessages></template><constraintparameters><parameter templateparameter="1"><branches><branch name="Scrum- Prozess managen"/></branches></parameter></constraintparameters></constraint><constraint id="37" mandatory="true"><condition/><name>chain response</name><template><description>After A the  next one has to be B.</description><display>chain response</display><name>chain response</name><text>[] ( ( "A"  -&gt; X( "B.started" ) ) )</text><parameters><parameter branchable="false" id="1" name="A"><graphical><style number="3"/><begin fill="true" style="5"/><middle fill="false" style="0"/><end fill="false" style="0"/></graphical></parameter><parameter branchable="false" id="2" name="B"><graphical><style number="3"/><begin fill="true" style="2"/><middle fill="false" style="0"/><end fill="false" style="0"/></graphical></parameter></parameters><statemessages><message state="VIOLATED">VIOLATED undefined</message><message state="VIOLATED_TEMPORARY">VIOLATED_TEMPORARY undefined</message><message state="SATISFIED">SATISFIED undefined</message></statemessages></template><constraintparameters><parameter templateparameter="1"><branches><branch name="Sprint Review Meeting"/></branches></parameter><parameter templateparameter="2"><branches><branch name="alle 24 Stunden 15-minuetiges Scrum-Meeting durchfuehren"/></branches></parameter></constraintparameters></constraint><constraint id="38" mandatory="true"><condition/><name>precedence</name><template><description>&lt;b&gt;alle 24 Stunden 15-minuetiges Scrum-Meeting durchfuehren&lt;/b&gt; has to be preceded by &lt;b&gt;Sprint Review Meeting&lt;/b&gt;. &lt;b&gt;alle 24 Stunden 15-minuetiges Scrum-Meeting durchfuehren&lt;/b&gt; can happen only after &lt;b&gt;Sprint Review Meeting&lt;/b&gt; had happened.</description><display>precedence</display><name>precedence</name><text> ( ! ((( "B.started" \/ "B.completed") \/ "B.cancelled" )) W "A" ) </text><parameters><parameter branchable="true" id="1" name="A"><graphical><style number="1"/><begin fill="true" style="0"/><middle fill="false" style="0"/><end fill="false" style="0"/></graphical></parameter><parameter branchable="true" id="2" name="B"><graphical><style number="1"/><begin fill="true" style="10"/><middle fill="false" style="0"/><end fill="false" style="0"/></graphical></parameter></parameters><statemessages><message state="VIOLATED">&lt;html&gt;This constraint is violated because task &amp;quot;B&amp;quot; was executed before task &amp;quot;A&amp;quot;.&lt;/html&gt;</message><message state="VIOLATED_TEMPORARY">&lt;html&gt;This should never happen!&lt;/html&gt;</message><message state="SATISFIED">&lt;html&gt;This constraint is satisfied because either: 
&lt;ul&gt;
&lt;li&gt;task &amp;quot;B&amp;quot; was never executed, or&lt;/li&gt;
&lt;li&gt;first task &amp;quot;A&amp;quot; was executed, and then task &amp;quot;B&amp;quot; was executed. &lt;/li&gt;
&lt;/ul&gt;&lt;/html&gt;</message></statemessages></template><constraintparameters><parameter templateparameter="1"><branches><branch name="Sprint Review Meeting"/></branches></parameter><parameter templateparameter="2"><branches><branch name="alle 24 Stunden 15-minuetiges Scrum-Meeting durchfuehren"/></branches></parameter></constraintparameters></constraint><constraint id="42" mandatory="true"><condition/><name>succession</name><template><description>response and precedence:
1. After every &lt;b&gt;Product Backlog abschaetzen&lt;/b&gt; there has to be at least one &lt;b&gt;Product Backlog priorisieren&lt;/b&gt;.
and
2. &lt;b&gt;Product Backlog priorisieren&lt;/b&gt; has to be preceded by &lt;b&gt;Product Backlog abschaetzen&lt;/b&gt;. &lt;b&gt;Product Backlog priorisieren&lt;/b&gt; can happen only after &lt;b&gt;Product Backlog abschaetzen&lt;/b&gt; had happened.</description><display>succession</display><name>succession</name><text>( []( ( "A" -&gt; &lt;&gt;( "B" ) ) ) /\  ( !( (( "B.started" \/ "B.completed") \/ "B.cancelled" ) ) W "A" )   )</text><parameters><parameter branchable="true" id="1" name="A"><graphical><style number="1"/><begin fill="true" style="5"/><middle fill="false" style="0"/><end fill="false" style="0"/></graphical></parameter><parameter branchable="true" id="2" name="B"><graphical><style number="1"/><begin fill="true" style="10"/><middle fill="false" style="0"/><end fill="false" style="0"/></graphical></parameter></parameters><statemessages><message state="VIOLATED">&lt;html&gt;VIOLATED undefined&lt;/html&gt;</message><message state="VIOLATED_TEMPORARY">&lt;html&gt;VIOLATED_TEMPORARY undefined&lt;/html&gt;</message><message state="SATISFIED">&lt;html&gt;SATISFIED undefined&lt;/html&gt;</message></statemessages></template><constraintparameters><parameter templateparameter="1"><branches><branch name="Product Backlog abschaetzen"/></branches></parameter><parameter templateparameter="2"><branches><branch name="Product Backlog priorisieren"/></branches></parameter></constraintparameters></constraint><constraint id="43" mandatory="true"><condition/><name>succession</name><template><description>response and precedence:
1. After every &lt;b&gt;Product Backlog abschaetzen&lt;/b&gt; there has to be at least one &lt;b&gt;Releaseplaene erstellen&lt;/b&gt;.
and
2. &lt;b&gt;Releaseplaene erstellen&lt;/b&gt; has to be preceded by &lt;b&gt;Product Backlog abschaetzen&lt;/b&gt;. &lt;b&gt;Releaseplaene erstellen&lt;/b&gt; can happen only after &lt;b&gt;Product Backlog abschaetzen&lt;/b&gt; had happened.</description><display>succession</display><name>succession</name><text>( []( ( "A" -&gt; &lt;&gt;( "B" ) ) ) /\  ( !( (( "B.started" \/ "B.completed") \/ "B.cancelled" ) ) W "A" )   )</text><parameters><parameter branchable="true" id="1" name="A"><graphical><style number="1"/><begin fill="true" style="5"/><middle fill="false" style="0"/><end fill="false" style="0"/></graphical></parameter><parameter branchable="true" id="2" name="B"><graphical><style number="1"/><begin fill="true" style="10"/><middle fill="false" style="0"/><end fill="false" style="0"/></graphical></parameter></parameters><statemessages><message state="VIOLATED">&lt;html&gt;VIOLATED undefined&lt;/html&gt;</message><message state="VIOLATED_TEMPORARY">&lt;html&gt;VIOLATED_TEMPORARY undefined&lt;/html&gt;</message><message state="SATISFIED">&lt;html&gt;SATISFIED undefined&lt;/html&gt;</message></statemessages></template><constraintparameters><parameter templateparameter="1"><branches><branch name="Product Backlog abschaetzen"/></branches></parameter><parameter templateparameter="2"><branches><branch name="Releaseplaene erstellen"/></branches></parameter></constraintparameters></constraint><constraint id="44" mandatory="true"><condition/><name>succession</name><template><description>response and precedence:
1. After every &lt;b&gt;Product Backlog priorisieren&lt;/b&gt; there has to be at least one &lt;b&gt;alle 2-4 Wochen Sprint-Planning-Meeting durchfuehren&lt;/b&gt;.
and
2. &lt;b&gt;alle 2-4 Wochen Sprint-Planning-Meeting durchfuehren&lt;/b&gt; has to be preceded by &lt;b&gt;Product Backlog priorisieren&lt;/b&gt;. &lt;b&gt;alle 2-4 Wochen Sprint-Planning-Meeting durchfuehren&lt;/b&gt; can happen only after &lt;b&gt;Product Backlog priorisieren&lt;/b&gt; had happened.</description><display>succession</display><name>succession</name><text>( []( ( "A" -&gt; &lt;&gt;( "B" ) ) ) /\  ( !( (( "B.started" \/ "B.completed") \/ "B.cancelled" ) ) W "A" )   )</text><parameters><parameter branchable="true" id="1" name="A"><graphical><style number="1"/><begin fill="true" style="5"/><middle fill="false" style="0"/><end fill="false" style="0"/></graphical></parameter><parameter branchable="true" id="2" name="B"><graphical><style number="1"/><begin fill="true" style="10"/><middle fill="false" style="0"/><end fill="false" style="0"/></graphical></parameter></parameters><statemessages><message state="VIOLATED">&lt;html&gt;VIOLATED undefined&lt;/html&gt;</message><message state="VIOLATED_TEMPORARY">&lt;html&gt;VIOLATED_TEMPORARY undefined&lt;/html&gt;</message><message state="SATISFIED">&lt;html&gt;SATISFIED undefined&lt;/html&gt;</message></statemessages></template><constraintparameters><parameter templateparameter="1"><branches><branch name="Product Backlog priorisieren"/></branches></parameter><parameter templateparameter="2"><branches><branch name="alle 2-4 Wochen Sprint-Planning-Meeting durchfuehren"/></branches></parameter></constraintparameters></constraint><constraint id="45" mandatory="true"><condition/><name>succession</name><template><description>response and precedence:
1. After every &lt;b&gt;Releaseplaene erstellen&lt;/b&gt; there has to be at least one &lt;b&gt;alle 2-4 Wochen Sprint-Planning-Meeting durchfuehren&lt;/b&gt;.
and
2. &lt;b&gt;alle 2-4 Wochen Sprint-Planning-Meeting durchfuehren&lt;/b&gt; has to be preceded by &lt;b&gt;Releaseplaene erstellen&lt;/b&gt;. &lt;b&gt;alle 2-4 Wochen Sprint-Planning-Meeting durchfuehren&lt;/b&gt; can happen only after &lt;b&gt;Releaseplaene erstellen&lt;/b&gt; had happened.</description><display>succession</display><name>succession</name><text>( []( ( "A" -&gt; &lt;&gt;( "B" ) ) ) /\  ( !( (( "B.started" \/ "B.completed") \/ "B.cancelled" ) ) W "A" )   )</text><parameters><parameter branchable="true" id="1" name="A"><graphical><style number="1"/><begin fill="true" style="5"/><middle fill="false" style="0"/><end fill="false" style="0"/></graphical></parameter><parameter branchable="true" id="2" name="B"><graphical><style number="1"/><begin fill="true" style="10"/><middle fill="false" style="0"/><end fill="false" style="0"/></graphical></parameter></parameters><statemessages><message state="VIOLATED">&lt;html&gt;VIOLATED undefined&lt;/html&gt;</message><message state="VIOLATED_TEMPORARY">&lt;html&gt;VIOLATED_TEMPORARY undefined&lt;/html&gt;</message><message state="SATISFIED">&lt;html&gt;SATISFIED undefined&lt;/html&gt;</message></statemessages></template><constraintparameters><parameter templateparameter="1"><branches><branch name="Releaseplaene erstellen"/></branches></parameter><parameter templateparameter="2"><branches><branch name="alle 2-4 Wochen Sprint-Planning-Meeting durchfuehren"/></branches></parameter></constraintparameters></constraint><constraint id="46" mandatory="true"><condition/><name>succession</name><template><description>response and precedence:
1. After every &lt;b&gt;alle 24 Stunden 15-minuetiges Scrum-Meeting durchfuehren&lt;/b&gt; there has to be at least one &lt;b&gt;Tasks abarbeiten&lt;/b&gt;.
and
2. &lt;b&gt;Tasks abarbeiten&lt;/b&gt; has to be preceded by &lt;b&gt;alle 24 Stunden 15-minuetiges Scrum-Meeting durchfuehren&lt;/b&gt;. &lt;b&gt;Tasks abarbeiten&lt;/b&gt; can happen only after &lt;b&gt;alle 24 Stunden 15-minuetiges Scrum-Meeting durchfuehren&lt;/b&gt; had happened.</description><display>succession</display><name>succession</name><text>( []( ( "A" -&gt; &lt;&gt;( "B" ) ) ) /\  ( !( (( "B.started" \/ "B.completed") \/ "B.cancelled" ) ) W "A" )   )</text><parameters><parameter branchable="true" id="1" name="A"><graphical><style number="1"/><begin fill="true" style="5"/><middle fill="false" style="0"/><end fill="false" style="0"/></graphical></parameter><parameter branchable="true" id="2" name="B"><graphical><style number="1"/><begin fill="true" style="10"/><middle fill="false" style="0"/><end fill="false" style="0"/></graphical></parameter></parameters><statemessages><message state="VIOLATED">&lt;html&gt;VIOLATED undefined&lt;/html&gt;</message><message state="VIOLATED_TEMPORARY">&lt;html&gt;VIOLATED_TEMPORARY undefined&lt;/html&gt;</message><message state="SATISFIED">&lt;html&gt;SATISFIED undefined&lt;/html&gt;</message></statemessages></template><constraintparameters><parameter templateparameter="1"><branches><branch name="alle 24 Stunden 15-minuetiges Scrum-Meeting durchfuehren"/></branches></parameter><parameter templateparameter="2"><branches><branch name="Tasks abarbeiten"/></branches></parameter></constraintparameters></constraint><constraint id="47" mandatory="true"><condition/><name>alternate precedence</name><template><description>B cannot happen before A. After it happens, it can not happen before the next A again.</description><display>alternate precedence</display><name>alternate precedence</name><text>(  ( !( ( (  "B.started" \/  "B.completed" ) \/ "B.cancelled" ) ) W "A" )   /\ [] ( ( "B" -&gt;  X(  ( !(  ( (  "B.started" \/  "B.completed" ) \/ "B.cancelled" ) ) W "A" )  ) ) ) )</text><parameters><parameter branchable="true" id="1" name="A"><graphical><style number="2"/><begin fill="true" style="0"/><middle fill="false" style="0"/><end fill="false" style="0"/></graphical></parameter><parameter branchable="true" id="2" name="B"><graphical><style number="2"/><begin fill="true" style="10"/><middle fill="false" style="0"/><end fill="false" style="0"/></graphical></parameter></parameters><statemessages><message state="VIOLATED">VIOLATED undefined</message><message state="VIOLATED_TEMPORARY">VIOLATED_TEMPORARY undefined</message><message state="SATISFIED">SATISFIED undefined</message></statemessages></template><constraintparameters><parameter templateparameter="1"><branches><branch name="alle 2-4 Wochen Sprint-Planning-Meeting durchfuehren"/></branches></parameter><parameter templateparameter="2"><branches><branch name="Anforderungen priorisieren"/></branches></parameter></constraintparameters></constraint><constraint id="48" mandatory="true"><condition/><name>chain response</name><template><description>After A the  next one has to be B.</description><display>chain response</display><name>chain response</name><text>[] ( ( "A"  -&gt; X( "B.started" ) ) )</text><parameters><parameter branchable="false" id="1" name="A"><graphical><style number="3"/><begin fill="true" style="5"/><middle fill="false" style="0"/><end fill="false" style="0"/></graphical></parameter><parameter branchable="false" id="2" name="B"><graphical><style number="3"/><begin fill="true" style="2"/><middle fill="false" style="0"/><end fill="false" style="0"/></graphical></parameter></parameters><statemessages><message state="VIOLATED">VIOLATED undefined</message><message state="VIOLATED_TEMPORARY">VIOLATED_TEMPORARY undefined</message><message state="SATISFIED">SATISFIED undefined</message></statemessages></template><constraintparameters><parameter templateparameter="1"><branches><branch name="alle 2-4 Wochen Sprint-Planning-Meeting durchfuehren"/></branches></parameter><parameter templateparameter="2"><branches><branch name="Anforderungen priorisieren"/></branches></parameter></constraintparameters></constraint><constraint id="49" mandatory="true"><condition/><name>chain response</name><template><description>After A the  next one has to be B.</description><display>chain response</display><name>chain response</name><text>[] ( ( "A"  -&gt; X( "B.started" ) ) )</text><parameters><parameter branchable="false" id="1" name="A"><graphical><style number="3"/><begin fill="true" style="5"/><middle fill="false" style="0"/><end fill="false" style="0"/></graphical></parameter><parameter branchable="false" id="2" name="B"><graphical><style number="3"/><begin fill="true" style="2"/><middle fill="false" style="0"/><end fill="false" style="0"/></graphical></parameter></parameters><statemessages><message state="VIOLATED">VIOLATED undefined</message><message state="VIOLATED_TEMPORARY">VIOLATED_TEMPORARY undefined</message><message state="SATISFIED">SATISFIED undefined</message></statemessages></template><constraintparameters><parameter templateparameter="1"><branches><branch name="Anforderungen priorisieren"/></branches></parameter><parameter templateparameter="2"><branches><branch name="Sprint Backlog erstellen"/></branches></parameter></constraintparameters></constraint><constraint id="50" mandatory="true"><condition/><name>alternate precedence</name><template><description>B cannot happen before A. After it happens, it can not happen before the next A again.</description><display>alternate precedence</display><name>alternate precedence</name><text>(  ( !( ( (  "B.started" \/  "B.completed" ) \/ "B.cancelled" ) ) W "A" )   /\ [] ( ( "B" -&gt;  X(  ( !(  ( (  "B.started" \/  "B.completed" ) \/ "B.cancelled" ) ) W "A" )  ) ) ) )</text><parameters><parameter branchable="true" id="1" name="A"><graphical><style number="2"/><begin fill="true" style="0"/><middle fill="false" style="0"/><end fill="false" style="0"/></graphical></parameter><parameter branchable="true" id="2" name="B"><graphical><style number="2"/><begin fill="true" style="10"/><middle fill="false" style="0"/><end fill="false" style="0"/></graphical></parameter></parameters><statemessages><message state="VIOLATED">VIOLATED undefined</message><message state="VIOLATED_TEMPORARY">VIOLATED_TEMPORARY undefined</message><message state="SATISFIED">SATISFIED undefined</message></statemessages></template><constraintparameters><parameter templateparameter="1"><branches><branch name="Anforderungen priorisieren"/></branches></parameter><parameter templateparameter="2"><branches><branch name="Sprint Backlog erstellen"/></branches></parameter></constraintparameters></constraint><constraint id="51" mandatory="true"><condition/><name>exactly1</name><template><description>A has to happen exactly once.</description><display>1</display><name>exactly1</name><text>(  &lt;&gt; ("A") /\ ! ( &lt;&gt; ( ( "A" /\ X(&lt;&gt;("A")) ) ) ) )</text><parameters><parameter branchable="false" id="1" name="A"><graphical><style number="1"/><begin fill="false" style="0"/><middle fill="false" style="0"/><end fill="false" style="0"/></graphical></parameter></parameters><statemessages><message state="VIOLATED">VIOLATED undefined</message><message state="VIOLATED_TEMPORARY">VIOLATED_TEMPORARY undefined</message><message state="SATISFIED">SATISFIED undefined</message></statemessages></template><constraintparameters><parameter templateparameter="1"><branches><branch name="Releaseplaene erstellen"/></branches></parameter></constraintparameters></constraint><constraint id="52" mandatory="true"><condition/><name>exactly1</name><template><description>A has to happen exactly once.</description><display>1</display><name>exactly1</name><text>(  &lt;&gt; ("A") /\ ! ( &lt;&gt; ( ( "A" /\ X(&lt;&gt;("A")) ) ) ) )</text><parameters><parameter branchable="false" id="1" name="A"><graphical><style number="1"/><begin fill="false" style="0"/><middle fill="false" style="0"/><end fill="false" style="0"/></graphical></parameter></parameters><statemessages><message state="VIOLATED">VIOLATED undefined</message><message state="VIOLATED_TEMPORARY">VIOLATED_TEMPORARY undefined</message><message state="SATISFIED">SATISFIED undefined</message></statemessages></template><constraintparameters><parameter templateparameter="1"><branches><branch name="Product Backlog abschaetzen"/></branches></parameter></constraintparameters></constraint></constraintdefinitions><data/><team><teamrole id="4"><name>Scrum Master</name><role id="11"><name>Scrum Master</name></role></teamrole><teamrole id="5"><name>Product Owner</name><role id="12"><name>Product Owner</name></role></teamrole><teamrole id="6"><name>Team</name><role id="13"><name>Team</name></role></teamrole></team><graphical><activities><cell height="50.0" id="2" width="262.0" x="1013.0" y="613.0"/><cell height="45.0" id="4" width="300.0" x="57.0" y="29.0"/><cell height="51.0" id="5" width="304.0" x="536.0" y="45.0"/><cell height="49.0" id="6" width="272.0" x="685.0" y="613.0"/><cell height="49.0" id="7" width="305.0" x="840.0" y="155.0"/><cell height="51.0" id="8" width="302.0" x="414.0" y="281.0"/><cell height="48.0" id="9" width="286.0" x="837.0" y="818.0"/><cell height="49.0" id="10" width="289.0" x="9.0" y="505.0"/><cell height="48.0" id="11" width="298.0" x="32.0" y="316.0"/><cell height="49.0" id="12" width="362.0" x="813.0" y="473.0"/><cell height="47.0" id="13" width="410.0" x="0.0" y="163.0"/><cell height="47.0" id="14" width="202.0" x="895.0" y="330.0"/></activities><constraints><cell height="1.0" id="25" width="1.0" x="401.0" y="308.0"/><cell height="1.0" id="26" width="1.0" x="123.0" y="433.0"/><cell height="1.0" id="29" width="1.0" x="809.0" y="304.0"/><cell height="1.0" id="31" width="1.0" x="563.0" y="178.0"/><cell height="1.0" id="32" width="1.0" x="565.0" y="529.0"/><cell height="1.0" id="33" width="1.0" x="198.0" y="440.0"/><cell height="1.0" id="37" width="1.0" x="211.0" y="264.0"/><cell height="1.0" id="38" width="1.0" x="171.0" y="249.0"/><cell height="1.0" id="42" width="1.0" x="894.0" y="739.0"/><cell height="1.0" id="43" width="1.0" x="1058.0" y="740.0"/><cell height="1.0" id="44" width="1.0" x="905.0" y="566.0"/><cell height="1.0" id="45" width="1.0" x="1069.0" y="567.0"/><cell height="1.0" id="46" width="1.0" x="206.0" y="118.0"/><cell height="1.0" id="47" width="1.0" x="979.0" y="420.0"/><cell height="1.0" id="48" width="1.0" x="1016.0" y="424.0"/><cell height="1.0" id="49" width="1.0" x="1015.0" y="261.0"/><cell height="1.0" id="50" width="1.0" x="968.0" y="261.0"/></constraints></graphical></assignment></model>