<?xml version="1.0" encoding="UTF-8" standalone="no"?><model><assignment language="ConDec" name="new model"><activitydefinitions><activity id="1" name="Systemarchitektur erstellen"><authorization/><datamodel/></activity><activity id="2" name="Unterstuetzungssystemarchitektur erstellen"><authorization/><datamodel/></activity><activity id="3" name="Styleguide fuer die Mensch-Maschine-Schnittstelle erstellen"><authorization/><datamodel/></activity><activity id="4" name="HW-Architektur erstellen"><authorization/><datamodel/></activity><activity id="5" name="SW-Architektur erstellen"><authorization/><datamodel/></activity><activity id="6" name="Datenbankentwurf erstellen"><authorization/><datamodel/></activity><activity id="7" name="Implementierungs-, Integrations- und Pruefkonzeptsystem erstellen"><authorization/><datamodel/></activity><activity id="8" name="Implementierungs-, Integrations- und Pruefkonzeptunterstuetzungssystem erstellen"><authorization/><datamodel/></activity><activity id="9" name="Implementierungs-, Integrations- und Pruefkonzep HW erstellen"><authorization/><datamodel/></activity><activity id="10" name="Implementierungs-, Integrations- und Pruefkonzept SW erstellen"><authorization/><datamodel/></activity><activity id="11" name="Migrationskonzept erstellen"><authorization/><datamodel/></activity></activitydefinitions><constraintdefinitions><constraint id="1" mandatory="true"><condition/><name>succession</name><template><description>response and precedence:
1. After every &lt;b&gt;Systemarchitektur erstellen&lt;/b&gt; there has to be at least one &lt;b&gt;Unterstuetzungssystemarchitektur erstellen&lt;/b&gt;.
and
2. &lt;b&gt;Unterstuetzungssystemarchitektur erstellen&lt;/b&gt; has to be preceded by &lt;b&gt;Systemarchitektur erstellen&lt;/b&gt;. &lt;b&gt;Unterstuetzungssystemarchitektur erstellen&lt;/b&gt; can happen only after &lt;b&gt;Systemarchitektur erstellen&lt;/b&gt; had happened.</description><display>succession</display><name>succession</name><text>( []( ( "A" -&gt; &lt;&gt;( "B" ) ) ) /\  ( !( (( "B.started" \/ "B.completed") \/ "B.cancelled" ) ) W "A" )   )</text><parameters><parameter branchable="true" id="1" name="A"><graphical><style number="1"/><begin fill="true" style="5"/><middle fill="false" style="0"/><end fill="false" style="0"/></graphical></parameter><parameter branchable="true" id="2" name="B"><graphical><style number="1"/><begin fill="true" style="10"/><middle fill="false" style="0"/><end fill="false" style="0"/></graphical></parameter></parameters><statemessages><message state="VIOLATED">&lt;html&gt;VIOLATED undefined&lt;/html&gt;</message><message state="VIOLATED_TEMPORARY">&lt;html&gt;VIOLATED_TEMPORARY undefined&lt;/html&gt;</message><message state="SATISFIED">&lt;html&gt;SATISFIED undefined&lt;/html&gt;</message></statemessages></template><constraintparameters><parameter templateparameter="1"><branches><branch name="Systemarchitektur erstellen"/></branches></parameter><parameter templateparameter="2"><branches><branch name="Unterstuetzungssystemarchitektur erstellen"/></branches></parameter></constraintparameters></constraint><constraint id="2" mandatory="true"><condition/><name>succession</name><template><description>response and precedence:
1. After every &lt;b&gt;Unterstuetzungssystemarchitektur erstellen&lt;/b&gt; there has to be at least one &lt;b&gt;Styleguide fuer die Mensch-Maschine-Schnittstelle erstellen&lt;/b&gt;.
and
2. &lt;b&gt;Styleguide fuer die Mensch-Maschine-Schnittstelle erstellen&lt;/b&gt; has to be preceded by &lt;b&gt;Unterstuetzungssystemarchitektur erstellen&lt;/b&gt;. &lt;b&gt;Styleguide fuer die Mensch-Maschine-Schnittstelle erstellen&lt;/b&gt; can happen only after &lt;b&gt;Unterstuetzungssystemarchitektur erstellen&lt;/b&gt; had happened.</description><display>succession</display><name>succession</name><text>( []( ( "A" -&gt; &lt;&gt;( "B" ) ) ) /\  ( !( (( "B.started" \/ "B.completed") \/ "B.cancelled" ) ) W "A" )   )</text><parameters><parameter branchable="true" id="1" name="A"><graphical><style number="1"/><begin fill="true" style="5"/><middle fill="false" style="0"/><end fill="false" style="0"/></graphical></parameter><parameter branchable="true" id="2" name="B"><graphical><style number="1"/><begin fill="true" style="10"/><middle fill="false" style="0"/><end fill="false" style="0"/></graphical></parameter></parameters><statemessages><message state="VIOLATED">&lt;html&gt;VIOLATED undefined&lt;/html&gt;</message><message state="VIOLATED_TEMPORARY">&lt;html&gt;VIOLATED_TEMPORARY undefined&lt;/html&gt;</message><message state="SATISFIED">&lt;html&gt;SATISFIED undefined&lt;/html&gt;</message></statemessages></template><constraintparameters><parameter templateparameter="1"><branches><branch name="Unterstuetzungssystemarchitektur erstellen"/></branches></parameter><parameter templateparameter="2"><branches><branch name="Styleguide fuer die Mensch-Maschine-Schnittstelle erstellen"/></branches></parameter></constraintparameters></constraint><constraint id="3" mandatory="true"><condition/><name>succession</name><template><description>response and precedence:
1. After every &lt;b&gt;Styleguide fuer die Mensch-Maschine-Schnittstelle erstellen&lt;/b&gt; there has to be at least one &lt;b&gt;HW-Architektur erstellen&lt;/b&gt;.
and
2. &lt;b&gt;HW-Architektur erstellen&lt;/b&gt; has to be preceded by &lt;b&gt;Styleguide fuer die Mensch-Maschine-Schnittstelle erstellen&lt;/b&gt;. &lt;b&gt;HW-Architektur erstellen&lt;/b&gt; can happen only after &lt;b&gt;Styleguide fuer die Mensch-Maschine-Schnittstelle erstellen&lt;/b&gt; had happened.</description><display>succession</display><name>succession</name><text>( []( ( "A" -&gt; &lt;&gt;( "B" ) ) ) /\  ( !( (( "B.started" \/ "B.completed") \/ "B.cancelled" ) ) W "A" )   )</text><parameters><parameter branchable="true" id="1" name="A"><graphical><style number="1"/><begin fill="true" style="5"/><middle fill="false" style="0"/><end fill="false" style="0"/></graphical></parameter><parameter branchable="true" id="2" name="B"><graphical><style number="1"/><begin fill="true" style="10"/><middle fill="false" style="0"/><end fill="false" style="0"/></graphical></parameter></parameters><statemessages><message state="VIOLATED">&lt;html&gt;VIOLATED undefined&lt;/html&gt;</message><message state="VIOLATED_TEMPORARY">&lt;html&gt;VIOLATED_TEMPORARY undefined&lt;/html&gt;</message><message state="SATISFIED">&lt;html&gt;SATISFIED undefined&lt;/html&gt;</message></statemessages></template><constraintparameters><parameter templateparameter="1"><branches><branch name="Styleguide fuer die Mensch-Maschine-Schnittstelle erstellen"/></branches></parameter><parameter templateparameter="2"><branches><branch name="HW-Architektur erstellen"/></branches></parameter></constraintparameters></constraint><constraint id="4" mandatory="true"><condition/><name>succession</name><template><description>response and precedence:
1. After every &lt;b&gt;HW-Architektur erstellen&lt;/b&gt; there has to be at least one &lt;b&gt;SW-Architektur erstellen&lt;/b&gt;.
and
2. &lt;b&gt;SW-Architektur erstellen&lt;/b&gt; has to be preceded by &lt;b&gt;HW-Architektur erstellen&lt;/b&gt;. &lt;b&gt;SW-Architektur erstellen&lt;/b&gt; can happen only after &lt;b&gt;HW-Architektur erstellen&lt;/b&gt; had happened.</description><display>succession</display><name>succession</name><text>( []( ( "A" -&gt; &lt;&gt;( "B" ) ) ) /\  ( !( (( "B.started" \/ "B.completed") \/ "B.cancelled" ) ) W "A" )   )</text><parameters><parameter branchable="true" id="1" name="A"><graphical><style number="1"/><begin fill="true" style="5"/><middle fill="false" style="0"/><end fill="false" style="0"/></graphical></parameter><parameter branchable="true" id="2" name="B"><graphical><style number="1"/><begin fill="true" style="10"/><middle fill="false" style="0"/><end fill="false" style="0"/></graphical></parameter></parameters><statemessages><message state="VIOLATED">&lt;html&gt;VIOLATED undefined&lt;/html&gt;</message><message state="VIOLATED_TEMPORARY">&lt;html&gt;VIOLATED_TEMPORARY undefined&lt;/html&gt;</message><message state="SATISFIED">&lt;html&gt;SATISFIED undefined&lt;/html&gt;</message></statemessages></template><constraintparameters><parameter templateparameter="1"><branches><branch name="HW-Architektur erstellen"/></branches></parameter><parameter templateparameter="2"><branches><branch name="SW-Architektur erstellen"/></branches></parameter></constraintparameters></constraint><constraint id="5" mandatory="true"><condition/><name>succession</name><template><description>response and precedence:
1. After every &lt;b&gt;SW-Architektur erstellen&lt;/b&gt; there has to be at least one &lt;b&gt;Datenbankentwurf erstellen&lt;/b&gt;.
and
2. &lt;b&gt;Datenbankentwurf erstellen&lt;/b&gt; has to be preceded by &lt;b&gt;SW-Architektur erstellen&lt;/b&gt;. &lt;b&gt;Datenbankentwurf erstellen&lt;/b&gt; can happen only after &lt;b&gt;SW-Architektur erstellen&lt;/b&gt; had happened.</description><display>succession</display><name>succession</name><text>( []( ( "A" -&gt; &lt;&gt;( "B" ) ) ) /\  ( !( (( "B.started" \/ "B.completed") \/ "B.cancelled" ) ) W "A" )   )</text><parameters><parameter branchable="true" id="1" name="A"><graphical><style number="1"/><begin fill="true" style="5"/><middle fill="false" style="0"/><end fill="false" style="0"/></graphical></parameter><parameter branchable="true" id="2" name="B"><graphical><style number="1"/><begin fill="true" style="10"/><middle fill="false" style="0"/><end fill="false" style="0"/></graphical></parameter></parameters><statemessages><message state="VIOLATED">&lt;html&gt;VIOLATED undefined&lt;/html&gt;</message><message state="VIOLATED_TEMPORARY">&lt;html&gt;VIOLATED_TEMPORARY undefined&lt;/html&gt;</message><message state="SATISFIED">&lt;html&gt;SATISFIED undefined&lt;/html&gt;</message></statemessages></template><constraintparameters><parameter templateparameter="1"><branches><branch name="SW-Architektur erstellen"/></branches></parameter><parameter templateparameter="2"><branches><branch name="Datenbankentwurf erstellen"/></branches></parameter></constraintparameters></constraint><constraint id="6" mandatory="true"><condition/><name>succession</name><template><description>response and precedence:
1. After every &lt;b&gt;Datenbankentwurf erstellen&lt;/b&gt; there has to be at least one &lt;b&gt;Implementierungs-, Integrations- und Pruefkonzeptsystem erstellen&lt;/b&gt;.
and
2. &lt;b&gt;Implementierungs-, Integrations- und Pruefkonzeptsystem erstellen&lt;/b&gt; has to be preceded by &lt;b&gt;Datenbankentwurf erstellen&lt;/b&gt;. &lt;b&gt;Implementierungs-, Integrations- und Pruefkonzeptsystem erstellen&lt;/b&gt; can happen only after &lt;b&gt;Datenbankentwurf erstellen&lt;/b&gt; had happened.</description><display>succession</display><name>succession</name><text>( []( ( "A" -&gt; &lt;&gt;( "B" ) ) ) /\  ( !( (( "B.started" \/ "B.completed") \/ "B.cancelled" ) ) W "A" )   )</text><parameters><parameter branchable="true" id="1" name="A"><graphical><style number="1"/><begin fill="true" style="5"/><middle fill="false" style="0"/><end fill="false" style="0"/></graphical></parameter><parameter branchable="true" id="2" name="B"><graphical><style number="1"/><begin fill="true" style="10"/><middle fill="false" style="0"/><end fill="false" style="0"/></graphical></parameter></parameters><statemessages><message state="VIOLATED">&lt;html&gt;VIOLATED undefined&lt;/html&gt;</message><message state="VIOLATED_TEMPORARY">&lt;html&gt;VIOLATED_TEMPORARY undefined&lt;/html&gt;</message><message state="SATISFIED">&lt;html&gt;SATISFIED undefined&lt;/html&gt;</message></statemessages></template><constraintparameters><parameter templateparameter="1"><branches><branch name="Datenbankentwurf erstellen"/></branches></parameter><parameter templateparameter="2"><branches><branch name="Implementierungs-, Integrations- und Pruefkonzeptsystem erstellen"/></branches></parameter></constraintparameters></constraint><constraint id="7" mandatory="true"><condition/><name>succession</name><template><description>response and precedence:
1. After every &lt;b&gt;Implementierungs-, Integrations- und Pruefkonzeptsystem erstellen&lt;/b&gt; there has to be at least one &lt;b&gt;Implementierungs-, Integrations- und Pruefkonzeptunterstuetzungssystem erstellen&lt;/b&gt;.
and
2. &lt;b&gt;Implementierungs-, Integrations- und Pruefkonzeptunterstuetzungssystem erstellen&lt;/b&gt; has to be preceded by &lt;b&gt;Implementierungs-, Integrations- und Pruefkonzeptsystem erstellen&lt;/b&gt;. &lt;b&gt;Implementierungs-, Integrations- und Pruefkonzeptunterstuetzungssystem erstellen&lt;/b&gt; can happen only after &lt;b&gt;Implementierungs-, Integrations- und Pruefkonzeptsystem erstellen&lt;/b&gt; had happened.</description><display>succession</display><name>succession</name><text>( []( ( "A" -&gt; &lt;&gt;( "B" ) ) ) /\  ( !( (( "B.started" \/ "B.completed") \/ "B.cancelled" ) ) W "A" )   )</text><parameters><parameter branchable="true" id="1" name="A"><graphical><style number="1"/><begin fill="true" style="5"/><middle fill="false" style="0"/><end fill="false" style="0"/></graphical></parameter><parameter branchable="true" id="2" name="B"><graphical><style number="1"/><begin fill="true" style="10"/><middle fill="false" style="0"/><end fill="false" style="0"/></graphical></parameter></parameters><statemessages><message state="VIOLATED">&lt;html&gt;VIOLATED undefined&lt;/html&gt;</message><message state="VIOLATED_TEMPORARY">&lt;html&gt;VIOLATED_TEMPORARY undefined&lt;/html&gt;</message><message state="SATISFIED">&lt;html&gt;SATISFIED undefined&lt;/html&gt;</message></statemessages></template><constraintparameters><parameter templateparameter="1"><branches><branch name="Implementierungs-, Integrations- und Pruefkonzeptsystem erstellen"/></branches></parameter><parameter templateparameter="2"><branches><branch name="Implementierungs-, Integrations- und Pruefkonzeptunterstuetzungssystem erstellen"/></branches></parameter></constraintparameters></constraint><constraint id="8" mandatory="true"><condition/><name>succession</name><template><description>response and precedence:
1. After every &lt;b&gt;Implementierungs-, Integrations- und Pruefkonzeptunterstuetzungssystem erstellen&lt;/b&gt; there has to be at least one &lt;b&gt;Implementierungs-, Integrations- und Pruefkonzep HW erstellen&lt;/b&gt;.
and
2. &lt;b&gt;Implementierungs-, Integrations- und Pruefkonzep HW erstellen&lt;/b&gt; has to be preceded by &lt;b&gt;Implementierungs-, Integrations- und Pruefkonzeptunterstuetzungssystem erstellen&lt;/b&gt;. &lt;b&gt;Implementierungs-, Integrations- und Pruefkonzep HW erstellen&lt;/b&gt; can happen only after &lt;b&gt;Implementierungs-, Integrations- und Pruefkonzeptunterstuetzungssystem erstellen&lt;/b&gt; had happened.</description><display>succession</display><name>succession</name><text>( []( ( "A" -&gt; &lt;&gt;( "B" ) ) ) /\  ( !( (( "B.started" \/ "B.completed") \/ "B.cancelled" ) ) W "A" )   )</text><parameters><parameter branchable="true" id="1" name="A"><graphical><style number="1"/><begin fill="true" style="5"/><middle fill="false" style="0"/><end fill="false" style="0"/></graphical></parameter><parameter branchable="true" id="2" name="B"><graphical><style number="1"/><begin fill="true" style="10"/><middle fill="false" style="0"/><end fill="false" style="0"/></graphical></parameter></parameters><statemessages><message state="VIOLATED">&lt;html&gt;VIOLATED undefined&lt;/html&gt;</message><message state="VIOLATED_TEMPORARY">&lt;html&gt;VIOLATED_TEMPORARY undefined&lt;/html&gt;</message><message state="SATISFIED">&lt;html&gt;SATISFIED undefined&lt;/html&gt;</message></statemessages></template><constraintparameters><parameter templateparameter="1"><branches><branch name="Implementierungs-, Integrations- und Pruefkonzeptunterstuetzungssystem erstellen"/></branches></parameter><parameter templateparameter="2"><branches><branch name="Implementierungs-, Integrations- und Pruefkonzep HW erstellen"/></branches></parameter></constraintparameters></constraint><constraint id="9" mandatory="true"><condition/><name>succession</name><template><description>response and precedence:
1. After every &lt;b&gt;Implementierungs-, Integrations- und Pruefkonzep HW erstellen&lt;/b&gt; there has to be at least one &lt;b&gt;Implementierungs-, Integrations- und Pruefkonzept SW erstellen&lt;/b&gt;.
and
2. &lt;b&gt;Implementierungs-, Integrations- und Pruefkonzept SW erstellen&lt;/b&gt; has to be preceded by &lt;b&gt;Implementierungs-, Integrations- und Pruefkonzep HW erstellen&lt;/b&gt;. &lt;b&gt;Implementierungs-, Integrations- und Pruefkonzept SW erstellen&lt;/b&gt; can happen only after &lt;b&gt;Implementierungs-, Integrations- und Pruefkonzep HW erstellen&lt;/b&gt; had happened.</description><display>succession</display><name>succession</name><text>( []( ( "A" -&gt; &lt;&gt;( "B" ) ) ) /\  ( !( (( "B.started" \/ "B.completed") \/ "B.cancelled" ) ) W "A" )   )</text><parameters><parameter branchable="true" id="1" name="A"><graphical><style number="1"/><begin fill="true" style="5"/><middle fill="false" style="0"/><end fill="false" style="0"/></graphical></parameter><parameter branchable="true" id="2" name="B"><graphical><style number="1"/><begin fill="true" style="10"/><middle fill="false" style="0"/><end fill="false" style="0"/></graphical></parameter></parameters><statemessages><message state="VIOLATED">&lt;html&gt;VIOLATED undefined&lt;/html&gt;</message><message state="VIOLATED_TEMPORARY">&lt;html&gt;VIOLATED_TEMPORARY undefined&lt;/html&gt;</message><message state="SATISFIED">&lt;html&gt;SATISFIED undefined&lt;/html&gt;</message></statemessages></template><constraintparameters><parameter templateparameter="1"><branches><branch name="Implementierungs-, Integrations- und Pruefkonzep HW erstellen"/></branches></parameter><parameter templateparameter="2"><branches><branch name="Implementierungs-, Integrations- und Pruefkonzept SW erstellen"/></branches></parameter></constraintparameters></constraint><constraint id="10" mandatory="true"><condition/><name>succession</name><template><description>response and precedence:
1. After every &lt;b&gt;Implementierungs-, Integrations- und Pruefkonzept SW erstellen&lt;/b&gt; there has to be at least one &lt;b&gt;Migrationskonzept erstellen&lt;/b&gt;.
and
2. &lt;b&gt;Migrationskonzept erstellen&lt;/b&gt; has to be preceded by &lt;b&gt;Implementierungs-, Integrations- und Pruefkonzept SW erstellen&lt;/b&gt;. &lt;b&gt;Migrationskonzept erstellen&lt;/b&gt; can happen only after &lt;b&gt;Implementierungs-, Integrations- und Pruefkonzept SW erstellen&lt;/b&gt; had happened.</description><display>succession</display><name>succession</name><text>( []( ( "A" -&gt; &lt;&gt;( "B" ) ) ) /\  ( !( (( "B.started" \/ "B.completed") \/ "B.cancelled" ) ) W "A" )   )</text><parameters><parameter branchable="true" id="1" name="A"><graphical><style number="1"/><begin fill="true" style="5"/><middle fill="false" style="0"/><end fill="false" style="0"/></graphical></parameter><parameter branchable="true" id="2" name="B"><graphical><style number="1"/><begin fill="true" style="10"/><middle fill="false" style="0"/><end fill="false" style="0"/></graphical></parameter></parameters><statemessages><message state="VIOLATED">&lt;html&gt;VIOLATED undefined&lt;/html&gt;</message><message state="VIOLATED_TEMPORARY">&lt;html&gt;VIOLATED_TEMPORARY undefined&lt;/html&gt;</message><message state="SATISFIED">&lt;html&gt;SATISFIED undefined&lt;/html&gt;</message></statemessages></template><constraintparameters><parameter templateparameter="1"><branches><branch name="Implementierungs-, Integrations- und Pruefkonzept SW erstellen"/></branches></parameter><parameter templateparameter="2"><branches><branch name="Migrationskonzept erstellen"/></branches></parameter></constraintparameters></constraint><constraint id="11" mandatory="true"><condition/><name>exactly1</name><template><description>A has to happen exactly once.</description><display>1</display><name>exactly1</name><text>(  &lt;&gt; ("A") /\ ! ( &lt;&gt; ( ( "A" /\ X(&lt;&gt;("A")) ) ) ) )</text><parameters><parameter branchable="false" id="1" name="A"><graphical><style number="1"/><begin fill="false" style="0"/><middle fill="false" style="0"/><end fill="false" style="0"/></graphical></parameter></parameters><statemessages><message state="VIOLATED">VIOLATED undefined</message><message state="VIOLATED_TEMPORARY">VIOLATED_TEMPORARY undefined</message><message state="SATISFIED">SATISFIED undefined</message></statemessages></template><constraintparameters><parameter templateparameter="1"><branches><branch name="Systemarchitektur erstellen"/></branches></parameter></constraintparameters></constraint><constraint id="12" mandatory="true"><condition/><name>exactly1</name><template><description>A has to happen exactly once.</description><display>1</display><name>exactly1</name><text>(  &lt;&gt; ("A") /\ ! ( &lt;&gt; ( ( "A" /\ X(&lt;&gt;("A")) ) ) ) )</text><parameters><parameter branchable="false" id="1" name="A"><graphical><style number="1"/><begin fill="false" style="0"/><middle fill="false" style="0"/><end fill="false" style="0"/></graphical></parameter></parameters><statemessages><message state="VIOLATED">VIOLATED undefined</message><message state="VIOLATED_TEMPORARY">VIOLATED_TEMPORARY undefined</message><message state="SATISFIED">SATISFIED undefined</message></statemessages></template><constraintparameters><parameter templateparameter="1"><branches><branch name="Unterstuetzungssystemarchitektur erstellen"/></branches></parameter></constraintparameters></constraint><constraint id="13" mandatory="true"><condition/><name>exactly1</name><template><description>A has to happen exactly once.</description><display>1</display><name>exactly1</name><text>(  &lt;&gt; ("A") /\ ! ( &lt;&gt; ( ( "A" /\ X(&lt;&gt;("A")) ) ) ) )</text><parameters><parameter branchable="false" id="1" name="A"><graphical><style number="1"/><begin fill="false" style="0"/><middle fill="false" style="0"/><end fill="false" style="0"/></graphical></parameter></parameters><statemessages><message state="VIOLATED">VIOLATED undefined</message><message state="VIOLATED_TEMPORARY">VIOLATED_TEMPORARY undefined</message><message state="SATISFIED">SATISFIED undefined</message></statemessages></template><constraintparameters><parameter templateparameter="1"><branches><branch name="Styleguide fuer die Mensch-Maschine-Schnittstelle erstellen"/></branches></parameter></constraintparameters></constraint><constraint id="14" mandatory="true"><condition/><name>exactly1</name><template><description>A has to happen exactly once.</description><display>1</display><name>exactly1</name><text>(  &lt;&gt; ("A") /\ ! ( &lt;&gt; ( ( "A" /\ X(&lt;&gt;("A")) ) ) ) )</text><parameters><parameter branchable="false" id="1" name="A"><graphical><style number="1"/><begin fill="false" style="0"/><middle fill="false" style="0"/><end fill="false" style="0"/></graphical></parameter></parameters><statemessages><message state="VIOLATED">VIOLATED undefined</message><message state="VIOLATED_TEMPORARY">VIOLATED_TEMPORARY undefined</message><message state="SATISFIED">SATISFIED undefined</message></statemessages></template><constraintparameters><parameter templateparameter="1"><branches><branch name="HW-Architektur erstellen"/></branches></parameter></constraintparameters></constraint><constraint id="15" mandatory="true"><condition/><name>exactly1</name><template><description>A has to happen exactly once.</description><display>1</display><name>exactly1</name><text>(  &lt;&gt; ("A") /\ ! ( &lt;&gt; ( ( "A" /\ X(&lt;&gt;("A")) ) ) ) )</text><parameters><parameter branchable="false" id="1" name="A"><graphical><style number="1"/><begin fill="false" style="0"/><middle fill="false" style="0"/><end fill="false" style="0"/></graphical></parameter></parameters><statemessages><message state="VIOLATED">VIOLATED undefined</message><message state="VIOLATED_TEMPORARY">VIOLATED_TEMPORARY undefined</message><message state="SATISFIED">SATISFIED undefined</message></statemessages></template><constraintparameters><parameter templateparameter="1"><branches><branch name="SW-Architektur erstellen"/></branches></parameter></constraintparameters></constraint><constraint id="16" mandatory="true"><condition/><name>exactly1</name><template><description>A has to happen exactly once.</description><display>1</display><name>exactly1</name><text>(  &lt;&gt; ("A") /\ ! ( &lt;&gt; ( ( "A" /\ X(&lt;&gt;("A")) ) ) ) )</text><parameters><parameter branchable="false" id="1" name="A"><graphical><style number="1"/><begin fill="false" style="0"/><middle fill="false" style="0"/><end fill="false" style="0"/></graphical></parameter></parameters><statemessages><message state="VIOLATED">VIOLATED undefined</message><message state="VIOLATED_TEMPORARY">VIOLATED_TEMPORARY undefined</message><message state="SATISFIED">SATISFIED undefined</message></statemessages></template><constraintparameters><parameter templateparameter="1"><branches><branch name="Datenbankentwurf erstellen"/></branches></parameter></constraintparameters></constraint><constraint id="17" mandatory="true"><condition/><name>exactly1</name><template><description>A has to happen exactly once.</description><display>1</display><name>exactly1</name><text>(  &lt;&gt; ("A") /\ ! ( &lt;&gt; ( ( "A" /\ X(&lt;&gt;("A")) ) ) ) )</text><parameters><parameter branchable="false" id="1" name="A"><graphical><style number="1"/><begin fill="false" style="0"/><middle fill="false" style="0"/><end fill="false" style="0"/></graphical></parameter></parameters><statemessages><message state="VIOLATED">VIOLATED undefined</message><message state="VIOLATED_TEMPORARY">VIOLATED_TEMPORARY undefined</message><message state="SATISFIED">SATISFIED undefined</message></statemessages></template><constraintparameters><parameter templateparameter="1"><branches><branch name="Implementierungs-, Integrations- und Pruefkonzeptsystem erstellen"/></branches></parameter></constraintparameters></constraint><constraint id="18" mandatory="true"><condition/><name>exactly1</name><template><description>A has to happen exactly once.</description><display>1</display><name>exactly1</name><text>(  &lt;&gt; ("A") /\ ! ( &lt;&gt; ( ( "A" /\ X(&lt;&gt;("A")) ) ) ) )</text><parameters><parameter branchable="false" id="1" name="A"><graphical><style number="1"/><begin fill="false" style="0"/><middle fill="false" style="0"/><end fill="false" style="0"/></graphical></parameter></parameters><statemessages><message state="VIOLATED">VIOLATED undefined</message><message state="VIOLATED_TEMPORARY">VIOLATED_TEMPORARY undefined</message><message state="SATISFIED">SATISFIED undefined</message></statemessages></template><constraintparameters><parameter templateparameter="1"><branches><branch name="Implementierungs-, Integrations- und Pruefkonzeptunterstuetzungssystem erstellen"/></branches></parameter></constraintparameters></constraint><constraint id="20" mandatory="true"><condition/><name>exactly1</name><template><description>A has to happen exactly once.</description><display>1</display><name>exactly1</name><text>(  &lt;&gt; ("A") /\ ! ( &lt;&gt; ( ( "A" /\ X(&lt;&gt;("A")) ) ) ) )</text><parameters><parameter branchable="false" id="1" name="A"><graphical><style number="1"/><begin fill="false" style="0"/><middle fill="false" style="0"/><end fill="false" style="0"/></graphical></parameter></parameters><statemessages><message state="VIOLATED">VIOLATED undefined</message><message state="VIOLATED_TEMPORARY">VIOLATED_TEMPORARY undefined</message><message state="SATISFIED">SATISFIED undefined</message></statemessages></template><constraintparameters><parameter templateparameter="1"><branches><branch name="Implementierungs-, Integrations- und Pruefkonzept SW erstellen"/></branches></parameter></constraintparameters></constraint><constraint id="21" mandatory="true"><condition/><name>exactly1</name><template><description>A has to happen exactly once.</description><display>1</display><name>exactly1</name><text>(  &lt;&gt; ("A") /\ ! ( &lt;&gt; ( ( "A" /\ X(&lt;&gt;("A")) ) ) ) )</text><parameters><parameter branchable="false" id="1" name="A"><graphical><style number="1"/><begin fill="false" style="0"/><middle fill="false" style="0"/><end fill="false" style="0"/></graphical></parameter></parameters><statemessages><message state="VIOLATED">VIOLATED undefined</message><message state="VIOLATED_TEMPORARY">VIOLATED_TEMPORARY undefined</message><message state="SATISFIED">SATISFIED undefined</message></statemessages></template><constraintparameters><parameter templateparameter="1"><branches><branch name="Migrationskonzept erstellen"/></branches></parameter></constraintparameters></constraint><constraint id="22" mandatory="true"><condition/><name>exactly1</name><template><description>A has to happen exactly once.</description><display>1</display><name>exactly1</name><text>(  &lt;&gt; ("A") /\ ! ( &lt;&gt; ( ( "A" /\ X(&lt;&gt;("A")) ) ) ) )</text><parameters><parameter branchable="false" id="1" name="A"><graphical><style number="1"/><begin fill="false" style="0"/><middle fill="false" style="0"/><end fill="false" style="0"/></graphical></parameter></parameters><statemessages><message state="VIOLATED">VIOLATED undefined</message><message state="VIOLATED_TEMPORARY">VIOLATED_TEMPORARY undefined</message><message state="SATISFIED">SATISFIED undefined</message></statemessages></template><constraintparameters><parameter templateparameter="1"><branches><branch name="HW-Architektur erstellen"/></branches></parameter></constraintparameters></constraint><constraint id="23" mandatory="true"><condition/><name>exactly1</name><template><description>A has to happen exactly once.</description><display>1</display><name>exactly1</name><text>(  &lt;&gt; ("A") /\ ! ( &lt;&gt; ( ( "A" /\ X(&lt;&gt;("A")) ) ) ) )</text><parameters><parameter branchable="false" id="1" name="A"><graphical><style number="1"/><begin fill="false" style="0"/><middle fill="false" style="0"/><end fill="false" style="0"/></graphical></parameter></parameters><statemessages><message state="VIOLATED">VIOLATED undefined</message><message state="VIOLATED_TEMPORARY">VIOLATED_TEMPORARY undefined</message><message state="SATISFIED">SATISFIED undefined</message></statemessages></template><constraintparameters><parameter templateparameter="1"><branches><branch name="Implementierungs-, Integrations- und Pruefkonzep HW erstellen"/></branches></parameter></constraintparameters></constraint></constraintdefinitions><data/><team/><graphical><activities><cell height="49.0" id="1" width="188.0" x="25.0" y="75.0"/><cell height="49.0" id="2" width="281.0" x="354.0" y="75.0"/><cell height="48.0" id="3" width="389.0" x="787.0" y="75.0"/><cell height="50.0" id="4" width="186.0" x="888.0" y="219.0"/><cell height="52.0" id="5" width="174.0" x="549.0" y="219.0"/><cell height="48.0" id="6" width="189.0" x="198.0" y="221.0"/><cell height="46.0" id="7" width="441.0" x="74.0" y="377.0"/><cell height="47.0" id="8" width="551.0" x="801.0" y="376.0"/><cell height="48.0" id="9" width="430.0" x="862.0" y="519.0"/><cell height="48.0" id="10" width="403.0" x="318.0" y="521.0"/><cell height="45.0" id="11" width="211.0" x="4.0" y="522.0"/></activities><constraints><cell height="1.0" id="1" width="1.0" x="293.0" y="99.0"/><cell height="1.0" id="2" width="1.0" x="708.0" y="99.0"/><cell height="1.0" id="3" width="1.0" x="981.0" y="166.0"/><cell height="1.0" id="4" width="1.0" x="797.0" y="245.0"/><cell height="1.0" id="5" width="1.0" x="484.0" y="243.0"/><cell height="1.0" id="6" width="1.0" x="291.0" y="318.0"/><cell height="1.0" id="7" width="1.0" x="659.0" y="400.0"/><cell height="1.0" id="8" width="1.0" x="1075.0" y="474.0"/><cell height="1.0" id="9" width="1.0" x="759.0" y="545.0"/><cell height="1.0" id="10" width="1.0" x="314.0" y="544.0"/></constraints></graphical></assignment></model>